,Compound,Date,Negative,Neutral,Positive,Tweet Text,Tweets Ago,User
0,0.0,2018-06-26 21:20:15+00:00,1.0,0.0,0.0,"RT @BBC6Music: Did @kanyewest and @theweeknd ""blatantly"" rip off @nineinchnails' live show?

Weds, Noon BST: Nine Inch Nails' @trent_reznor‚Ä¶",1,@bbc
1,0.0,2018-06-26 19:05:08+00:00,1.0,0.0,0.0,"üòéüî•üç¶ Hot temperatures in the UK are expected to last until the weekend.
üëâ https://t.co/ZhZVaKJuqf

#HeatwaveUK https://t.co/smTw2ule2v",2,@bbc
2,0.296,2018-06-26 18:03:06+00:00,0.792,0.074,0.134,"Tonight, @itsanitarani and @bbcnickrobinson ask tough questions about the NHS in a special live event. 

 NHS at 70‚Ä¶ https://t.co/Wu4ECf7qic",3,@bbc
3,0.0,2018-06-26 17:02:02+00:00,1.0,0.0,0.0,How would you feel if the builder only made you half a house? https://t.co/yaWB0USzex,4,@bbc
4,0.0,2018-06-26 16:33:41+00:00,1.0,0.0,0.0,"RT @bbcwritersroom: Tomorrow, Wednesday 27th June is #NationalWritingDay! @writeday

As part of the events we're running a live Twitter Q&amp;A‚Ä¶",5,@bbc
5,0.0,2018-06-26 16:00:15+00:00,1.0,0.0,0.0,üçÖ You can grow tomatoes in Iceland?!   https://t.co/ndmcf1SL8y,6,@bbc
6,0.0,2018-06-26 14:52:03+00:00,1.0,0.0,0.0,"RT @BBCWales: #ToProvideAllPeople: A star-studded film written by @OwenSheers to mark #NHS70.

Starring @MichaelSheen, @TeamEveMyles, @Pack‚Ä¶",7,@bbc
7,0.836,2018-06-26 14:32:33+00:00,0.683,0.0,0.317,"RT @BBCRadio2: To celebrate the anniversary of 1988's second Summer of Love, @djgarydavies, @ZoeTheBall, and @MsAnaMatronic are heading to‚Ä¶",8,@bbc
8,0.611,2018-06-26 13:12:16+00:00,0.818,0.0,0.182,"RT @BBCR1: Happy Birthday, @ArianaGrande! üéà‚ú®

Here's a throwback to her offering some 10/10 relationship advice to callers on @R1Breakfast‚Ä¶",9,@bbc
9,0.0,2018-06-26 12:58:04+00:00,1.0,0.0,0.0,"üöÑüòΩüéÄ Japan has unveiled a pink bullet train themed around the cartoon character #HelloKitty.
üëâ‚Ä¶ https://t.co/uPA1cevSHt",10,@bbc
10,0.527,2018-06-26 12:02:04+00:00,0.673,0.0,0.327,"Activist
Poet
Director
Actor
Writer...

...and inspiration https://t.co/oOpo1fJV5K",11,@bbc
11,0.0,2018-06-26 11:02:03+00:00,1.0,0.0,0.0,"üçïüíê Would you say 'I dough' to this pizza bouquet?
üëâ https://t.co/HqnBOtPZlN https://t.co/BJqFMcpWKv",12,@bbc
12,0.0,2018-06-26 09:30:00+00:00,1.0,0.0,0.0,"üåç‚ôªÔ∏èüí•üëä
What will your #PlasticsAction be? https://t.co/QQ1ZBgNyZN",13,@bbc
13,-0.273,2018-06-26 08:00:16+00:00,0.861,0.139,0.0,Turns out you're biased in all sorts of ways you may not realise. https://t.co/yZ0ziOfX2L,14,@bbc
14,-0.772,2018-06-26 07:26:08+00:00,0.705,0.295,0.0,"Seabirds are starving to death on the remote Lord Howe Island, a crew filming for the @BBCOne documentary‚Ä¶ https://t.co/XHDOBZn5Yb",15,@bbc
15,0.599,2018-06-26 07:00:12+00:00,0.738,0.0,0.262,üíï Julie is the childcare champion in the heart of the Gorbals. https://t.co/LcdEhzyTBG,16,@bbc
16,0.361,2018-06-25 18:03:04+00:00,0.815,0.0,0.185,‚ú® These women are ditching their straighteners and embracing their natural hair. https://t.co/BTgEiHth2E,17,@bbc
17,0.0,2018-06-25 17:31:08+00:00,1.0,0.0,0.0,Two teams of junior doctors from teaching hospitals around Britain go head to head in a medical-themed quiz show. üè•‚Ä¶ https://t.co/1z99Ax1RcK,18,@bbc
18,0.273,2018-06-25 16:02:03+00:00,0.769,0.0,0.231,"üôåüòÇ Well, that escalated quickly.
#HearHer #LiveAtTheApollo  https://t.co/4Bfa81zCSI",19,@bbc
19,-0.552,2018-06-25 15:01:34+00:00,0.771,0.229,0.0,RT @BBCTwo: SO much tension between Louis and the Queen! üò¨üëëüá´üá∑ #Versailles https://t.co/mT2tDG3Hen,20,@bbc
20,0.318,2018-06-25 14:57:32+00:00,0.839,0.0,0.161,RT @BBCTwo: brb just gonna pop inside for some fresh air... ‚òÄÔ∏èüò∞ https://t.co/rlTBirEDF2,21,@bbc
21,0.542,2018-06-25 13:48:41+00:00,0.836,0.0,0.164,"RT @bbcarts: If you‚Äôre from the North this will make you well up with pride. ‚ù§Ô∏è
@lemnsissay delivers an impassioned reading of the poem he‚Ä¶",22,@bbc
22,0.636,2018-06-25 13:03:07+00:00,0.656,0.0,0.344,"üê∂üòç They're all beautiful in our eyes! 
#WorldsUgliestDog https://t.co/qrQgVqtwt4",23,@bbc
23,0.572,2018-06-25 12:04:05+00:00,0.802,0.0,0.198,üôåüí™ @ChelseaClinton says it's time we rethink gender stereotypes and work harder to celebrate women. https://t.co/xgejAk33oK,24,@bbc
24,0.34,2018-06-25 11:01:03+00:00,0.741,0.104,0.156,"üìñ‚ú®üå≤ From the Forbidden Forest at Hogwarts to Pooh's Hundred Acre Wood, here are six magical forests we love from ch‚Ä¶ https://t.co/hCU6am8R3o",25,@bbc
25,0.0,2018-06-25 10:12:49+00:00,1.0,0.0,0.0,"üåã Lava from Hawaii's Kilauea volcano creeps closer to more homes. 
 https://t.co/NfFXiwtVy7",26,@bbc
26,-0.422,2018-06-25 08:03:05+00:00,0.872,0.128,0.0,This headteacher is budgeting to buy hygiene products for pupils as she's found some parents are struggling to affo‚Ä¶ https://t.co/Bm4PrQ8ucC,27,@bbc
27,0.0,2018-06-25 07:26:06+00:00,1.0,0.0,0.0,"ü§ñ What does it mean for AI to have a soul?
üëâ https://t.co/OkxIzH9cA2 https://t.co/XcEYkoIbst",28,@bbc
28,-0.649,2018-06-25 07:00:13+00:00,0.699,0.301,0.0,Should we bring the woolly mammoth back from the dead? https://t.co/PASQyyoCXW,29,@bbc
29,0.0,2018-06-24 19:03:02+00:00,1.0,0.0,0.0,"Follow the inner workings of @nytimes, one of the most prolific American media outlets, during the first 12 months‚Ä¶ https://t.co/sTcKSPw5QW",30,@bbc
30,-0.557,2018-06-24 18:32:03+00:00,0.833,0.167,0.0,üöó üá∏üá¶ Women in Saudi Arabia are hitting the road as the country's ban on women driving officially ends. https://t.co/RLv1njCk5t,31,@bbc
31,0.599,2018-06-24 18:10:27+00:00,0.755,0.0,0.245,"RT @BBCWthrWatchers: Beautiful ""night shining"" clouds, captured by our Weather Watchers #NoctilucentClouds https://t.co/FE9F3YQ3Kd",32,@bbc
32,-0.527,2018-06-24 18:04:04+00:00,0.805,0.195,0.0,"This. Will. Hurt.

@IdrisElba returns as the inimitable DCI #Luther. Coming soon to @BBCOne. https://t.co/AOmhtLjldy",33,@bbc
33,0.67,2018-06-24 17:08:05+00:00,0.658,0.078,0.263,"43% of female festival goers under 40 say they've faced unwanted sexual behaviour at a music festival, a new survey‚Ä¶ https://t.co/Wd5gcaHCgH",34,@bbc
34,0.0,2018-06-24 16:02:06+00:00,0.787,0.106,0.106,"Imagine waking up one morning and you've lost the ability to speak or move your hands.
(via @BBCThree) https://t.co/M8IJVGSoE7",35,@bbc
35,0.0,2018-06-24 15:18:03+00:00,1.0,0.0,0.0,"In the aftermath of Hurricane Maria, Michelin-starred @chefjoseandres managed to feed more Puerto Ricans than any g‚Ä¶ https://t.co/HHjrHbsIb8",36,@bbc
36,0.586,2018-06-24 14:29:47+00:00,0.826,0.0,0.174,"RT @BBCMOTD: #ENG win 6-1 ‚úÖ
On a Sunday ‚úÖ
In the Sun ‚úÖ

Live scenes across England right now ‚òÄüéâ

#ENGPAN https://t.co/pOqaVykdHG",37,@bbc
37,0.0,2018-06-24 14:20:08+00:00,1.0,0.0,0.0,"‚ù§Ô∏èüíç Game of Thrones stars, Rose Leslie and Kit Harington have tied the knot at a ceremony in Aberdeenshire.
üëâ‚Ä¶ https://t.co/VzvDpNHgRO",38,@bbc
38,-0.422,2018-06-24 13:03:02+00:00,0.865,0.135,0.0,"üíîü¶ç Koko the gorilla sadly passed away this week, aged 46.

This is the story of her life. https://t.co/rIRb7mHpJx",39,@bbc
39,0.0,2018-06-24 12:02:03+00:00,1.0,0.0,0.0,üêõ Did you know there's a whole world on the back of a sloth?  https://t.co/wRWmXa7j4R,40,@bbc
40,0.827,2018-06-24 11:04:03+00:00,0.688,0.0,0.312,"ü•ëü•ïüåû These summery vegan dishes are perfect for when it's hot (and still delicious when it's not!) 

üëâ‚Ä¶ https://t.co/n8Nra5f9Jl",41,@bbc
41,0.294,2018-06-24 10:52:39+00:00,0.897,0.0,0.103,"RT @BBCWorld: ""At last!""

Saudi Arabia becomes the last country in the world to allow women to drive. https://t.co/vfOqNTBk9o https://t.co/‚Ä¶",42,@bbc
42,0.361,2018-06-24 10:03:02+00:00,0.783,0.0,0.217,"Getting ready for #ENG v #PAN like... Ô∏è‚öΩÔ∏èüèÜüí™ @JKCorden #WorldCup 

https://t.co/EbID4RxLuE",43,@bbc
43,0.627,2018-06-24 09:33:12+00:00,0.745,0.0,0.255,"RT @BBC6Music: Ah, it seems so peaceful @GlastoFest this weekend. (via @bbcsomerset)  https://t.co/JzF0sbDEEh",44,@bbc
44,0.34,2018-06-24 09:04:05+00:00,0.882,0.0,0.118,"Today, England play their first ever match against #WorldCup debutants Panama. ü¶Åü¶Åü¶Å

World Cup 2018: #ENG v #PAN | 1‚Ä¶ https://t.co/rZLcc8qfZ8",45,@bbc
45,0.0,2018-06-24 08:37:50+00:00,1.0,0.0,0.0,"RT @BBCWorld: New Zealand's PM reveals her daughter's name as she leaves hospital in Auckland üë∂üá≥üáø

https://t.co/5E751apfOg https://t.co/Zt7‚Ä¶",46,@bbc
46,0.0,2018-06-24 08:20:08+00:00,1.0,0.0,0.0,"What's happened since #BluePlanet2 first aired and what does Sir David Attenborough think about the response?
üëâ‚Ä¶ https://t.co/Qo4Nu3wQHT",47,@bbc
47,0.318,2018-06-24 07:01:05+00:00,0.413,0.24,0.347,"‚öΩÔ∏è‚ù§Ô∏è I. Bloody. Love. Football. 
#WorldCup https://t.co/vrmHGAfFYY",48,@bbc
48,0.0,2018-06-23 20:12:00+00:00,1.0,0.0,0.0,"Over the last 50 years, the flesh-footed shearwater population has dropped by 30%.

Plastic is a major cause of the‚Ä¶ https://t.co/KwcWT38E6F",49,@bbc
49,0.0,2018-06-23 19:02:02+00:00,1.0,0.0,0.0,"Live coverage of England's clash with New Zealand in Colorado, USA. üèâ

Rugby League: New Zealand v England | 9pm |‚Ä¶ https://t.co/gNfWK4lAsg",50,@bbc
50,0.572,2018-06-23 17:06:01+00:00,0.821,0.0,0.179,‚òÄÔ∏èüôå Thousands of people gathered at Stonehenge this week to watch the sunrise and celebrate the #SummerSolstice. https://t.co/f0PA5HYgRK,51,@bbc
51,0.741,2018-06-23 16:02:02+00:00,0.614,0.0,0.386,"‚öΩüêù Goal!!!
These clever bumblebees have been taught to play football. https://t.co/00fEPKxEYQ",52,@bbc
52,0.402,2018-06-23 15:00:27+00:00,0.847,0.0,0.153,"üì±‚ôøÔ∏è This 13-year-old made an app to help disabled people find accessible services. 
(via @BBCThree) https://t.co/EkjrhQOFi3",53,@bbc
53,0.0,2018-06-23 14:02:01+00:00,1.0,0.0,0.0,"Unlocking the hidden life of Frida Kahlo.
üëâ https://t.co/g8KqGCs5JX https://t.co/SyRnFXRvNQ",54,@bbc
54,0.0,2018-06-23 12:57:05+00:00,1.0,0.0,0.0,"üé∂üé§Meet the stockbroker who writes hits for @LittleMix and @JessGlynne 

https://t.co/zYl0M4CHcj https://t.co/s8HYxwiDKr",55,@bbc
55,0.0,2018-06-23 12:00:16+00:00,1.0,0.0,0.0,"üé∂ SOUND ON üé∂ 
Below the big blue there is green! üíö
#OurBluePlanet w/ @OceanX https://t.co/E46jJvtmrN",56,@bbc
56,0.0,2018-06-23 11:01:06+00:00,1.0,0.0,0.0,"Faced with extreme weather, Bolivian farmers are going underground.
#BBCTakingTheTemperature https://t.co/ocATWI0jPL",57,@bbc
57,0.0,2018-06-23 10:02:04+00:00,0.675,0.143,0.183,"The ban on microbeads in certain products has begun in England and Scotland.

Here are some natural alternatives so‚Ä¶ https://t.co/vqESNyr5qD",58,@bbc
58,0.0,2018-06-23 09:01:05+00:00,1.0,0.0,0.0,"üòçüêø Baby squirrels grow up so fast! 
#SuperSquirrels https://t.co/NzSE4lUIC8",59,@bbc
59,0.273,2018-06-23 07:59:02+00:00,0.86,0.0,0.14,There has been a significant fall in the number of cases of HPV following the introduction of a vaccine for young w‚Ä¶ https://t.co/19trkIMZ91,60,@bbc
60,0.0,2018-06-23 07:22:00+00:00,1.0,0.0,0.0,"‚ôªÔ∏èüåçSmall actions can make a big difference. 
#PlasticsAction

https://t.co/AWXUYNJ4e3 https://t.co/9Khy2bq19Z",61,@bbc
61,0.637,2018-06-22 19:11:28+00:00,0.741,0.0,0.259,"RT @BBCBreakfast: So many reasons to love¬†the #NorthEast of #England.
#Inventions https://t.co/xVseuMG347",62,@bbc
62,0.25,2018-06-22 19:11:15+00:00,0.913,0.0,0.087,"RT @bbcworldservice: Born without a jaw, Isaiah Acosta has never spoken a word, yet he‚Äôs gone on to fulfil his dream of becoming a rapper.‚Ä¶",63,@bbc
63,0.0,2018-06-22 19:10:41+00:00,1.0,0.0,0.0,"RT @bbcstories: Today marks 70 years since the arrival of Caribbean migrants on the Empire Windrush ship to the UK.

 Back in 2018, how has‚Ä¶",64,@bbc
64,0.752,2018-06-22 19:10:14+00:00,0.735,0.0,0.265,RT @BBCTwo: How long would it take you to demolish this AMAZING burger? üçîüòµ #MillionPoundMenu https://t.co/KH8VHK2rE6,65,@bbc
65,0.361,2018-06-22 19:09:53+00:00,0.902,0.0,0.098,"RT @BBCFOUR: With over 10,000 credits, Carol Kaye is one of the most prolific bassists of all time ‚Äì and her bragging rights are *amazing*.‚Ä¶",66,@bbc
66,0.422,2018-06-22 19:04:06+00:00,0.833,0.0,0.167,"‚ù§Ô∏èüêø Meet the sabre-toothed squirrel whose life was saved by an amateur dentist.
üëâ https://t.co/C6gXwp7Yke https://t.co/fp3vGzEW5S",67,@bbc
67,-0.318,2018-06-22 18:01:05+00:00,0.85,0.15,0.0,"üòÇüëõ Everyone has that one mate who always loses their purse... 
#HearHer #LiveAtTheApollo https://t.co/DinViMhGVm",68,@bbc
68,0.0,2018-06-22 17:00:21+00:00,1.0,0.0,0.0,üêæüê∂üíï Would you give a deaf dog a home? https://t.co/sjbsjOEzqT,69,@bbc
69,0.0,2018-06-22 16:01:00+00:00,1.0,0.0,0.0,"When the weekend's so close you can almost touch it...  üôå #FridayFeeling
 @Camila_Cabello https://t.co/eosSiBxZft",70,@bbc
70,0.0,2018-06-22 13:02:03+00:00,1.0,0.0,0.0,"üòÇüé§ Hello, it's literally me... 
#HearHer https://t.co/7XMLDQMR3B",71,@bbc
71,0.0,2018-06-22 12:03:05+00:00,1.0,0.0,0.0,Questions for a Sikh https://t.co/UhKZNiTRtC,72,@bbc
72,-0.34,2018-06-22 11:00:13+00:00,0.789,0.211,0.0,"Why do only some people get blackout drunk?
üëâ https://t.co/4C8KOCcSsU https://t.co/8S8axGO0F5",73,@bbc
73,0.0,2018-06-22 08:01:04+00:00,1.0,0.0,0.0,"In the aftermath of Hurricane Maria, Michelin-starred @chefjoseandres managed to feed more Puerto Ricans than any g‚Ä¶ https://t.co/SXJJG4hnMG",74,@bbc
74,0.663,2018-06-22 07:28:05+00:00,0.482,0.14,0.378,"'Always forgive your enemies; nothing annoys them so much.'

Oscar Wilde's best quotes.
üëâ https://t.co/4ldEknyrSW https://t.co/vr8KdzXP89",75,@bbc
75,0.0,2018-06-22 07:00:04+00:00,1.0,0.0,0.0,"'I wax my face every 2 weeks and haven't been able to get pregnant, but I won't let polycystic ovary syndrome defin‚Ä¶ https://t.co/uyNbPpgeY7",76,@bbc
76,-0.202,2018-06-21 19:03:04+00:00,0.816,0.184,0.0,"üòÇ That time @NoelFielding11 confronted some rowdy teens‚Ä¶
#LiveAtTheApollo https://t.co/tV9SB4r8Yz",77,@bbc
77,0.0,2018-06-21 18:01:06+00:00,1.0,0.0,0.0,üì± Is social media impacting how we express ourselves?  https://t.co/nADRuAW49x,78,@bbc
78,0.313,2018-06-21 16:42:25+00:00,0.811,0.062,0.127,"RT @bbcthree: What it feels like when you don't want your baby. #HearHer
(turn on your sound) https://t.co/7ErzX8p7Ag",79,@bbc
79,0.0,2018-06-21 16:01:04+00:00,1.0,0.0,0.0,üòç The Scottish coast is incredible! https://t.co/pn2LdiZwdQ,80,@bbc
80,0.807,2018-06-21 16:00:09+00:00,0.687,0.0,0.313,"RT @BBCRadio4: Activist
Poet
Director
Actor
Writer...
...and inspiration
@Aardman Animations made a beautiful short film about Maya Angelou‚Ä¶",81,@bbc
81,-0.751,2018-06-21 13:02:34+00:00,0.686,0.314,0.0,"üíîü¶ç Koko the gorilla has sadly died, aged 46.

Here's the story of her life. https://t.co/rIRb7mHpJx",82,@bbc
82,0.0,2018-06-21 12:28:30+00:00,1.0,0.0,0.0,"RT @BBCOne: In 1979, one surgeon was about to make NHS history by performing the UK's first heart transplant. https://t.co/HmUZBE5MLd",83,@bbc
83,0.0,2018-06-21 12:25:47+00:00,1.0,0.0,0.0,"RT @bbcarts: Artistic Director at @royalcourt, @vicfeatherstone, has curated #Snatches - a series of provocative monologues, written and pe‚Ä¶",84,@bbc
84,0.784,2018-06-21 12:01:06+00:00,0.699,0.0,0.301,Tessa Sanderson was the first British woman to win an Olympic gold medal in the javelin. #HearHer https://t.co/Kqff1C4QSe,85,@bbc
85,0.0,2018-06-21 11:01:04+00:00,1.0,0.0,0.0,"ü•ó What's behind the rise in veganism?
üëâ https://t.co/26dyqv3CWQ https://t.co/KZd2kBVkNW",86,@bbc
86,0.0,2018-06-21 09:55:19+00:00,1.0,0.0,0.0,"‚ù§Ô∏èüë∂ New Zealand's Prime Minister Jacinda Ardern has given birth to a baby girl, making her only the second elected‚Ä¶ https://t.co/7LDkCupd1c",87,@bbc
87,0.572,2018-06-21 09:13:56+00:00,0.791,0.0,0.209,‚òÄÔ∏è Thousands of people have witnessed the sunrise at Stonehenge to celebrate the #SummerSolstice. https://t.co/f0PA5HYgRK,88,@bbc
88,-0.898,2018-06-21 08:01:01+00:00,0.558,0.442,0.0,"When a fire at a children's home in Guatemala killed dozens of teenage girls, it exposed a terrifying culture of ab‚Ä¶ https://t.co/saKLWSu1NT",89,@bbc
89,0.611,2018-06-21 07:45:57+00:00,0.846,0.0,0.154,"‚òÄÔ∏è Happy #SummerSolstice! 
Today has an average of 16h 39m of daylight in the UK - that's 8h 49m more than during t‚Ä¶ https://t.co/Vg1QFQNU0r",90,@bbc
90,-0.511,2018-06-21 07:27:03+00:00,0.633,0.258,0.109,"üê∏üëÄ Frogs trapped in amber for 99 million years are giving a glimpse of a lost world.
üëâ https://t.co/FP7lgt3bLE https://t.co/W6F1W0PCtI",91,@bbc
91,0.637,2018-06-21 07:01:04+00:00,0.656,0.0,0.344,üéßüê¶üé∂ Five glorious minutes of a Caribbean dawn chorus. https://t.co/9t1PVkC4Kn,92,@bbc
92,0.599,2018-06-20 20:02:08+00:00,0.726,0.0,0.274,üé£ @realbobmortimer and Paul Whitehouse share their personal and hilarious life experiences while travelling around‚Ä¶ https://t.co/NeZ1V04R74,93,@bbc
93,-0.402,2018-06-20 18:00:25+00:00,0.69,0.31,0.0,"üç∑ @Rihanna. Wine glass stealer extraordinaire.
#TheGNShow https://t.co/no25tcxHJj",94,@bbc
94,0.494,2018-06-20 17:32:05+00:00,0.593,0.136,0.271,"Discover Porthcawl Elvis Festival, the largest Elvis festival in the world... 

Mad About Elvis | 7:30pm | @BBCOne‚Ä¶ https://t.co/JBFFZhtPMD",95,@bbc
95,0.0,2018-06-20 16:00:26+00:00,1.0,0.0,0.0,"Gaming addiction is listed as mental health condition for first time by @WHO.

How much is too much? https://t.co/hB16QHI6B8",96,@bbc
96,0.318,2018-06-20 14:35:32+00:00,0.905,0.0,0.095,"RT @bbcworldservice: How the promise of dance lessons can keep children in school. 
 
@SunkitYole is just one of the nominees for the Outlo‚Ä¶",97,@bbc
97,0.0,2018-06-20 13:05:22+00:00,1.0,0.0,0.0,RT @bbcthesocial: Salih fled Syria and travelled all the way to Scotland. He designed a tattoo to illustrate his incredible journey üíô #Worl‚Ä¶,98,@bbc
98,0.556,2018-06-20 13:02:04+00:00,0.848,0.0,0.152,A baby boy who was born on a Paris commuter train has been given free rail travel until he is 25! üë∂üá´üá∑üéâ‚Ä¶ https://t.co/XeAeCBBjLj,99,@bbc
99,0.758,2018-06-20 12:00:21+00:00,0.764,0.0,0.236,"100 years after women won the right to vote, are we really any closer to true gender equality in 2018? @BBCArts ask‚Ä¶ https://t.co/qrc2yQ5WqF",100,@bbc
100,0.0,2018-06-27 00:00:02+00:00,1.0,0.0,0.0,Evening News: Jeff Glor meets with a group of California voters from different sides of the political spectrum to g‚Ä¶ https://t.co/4Jmf3z2fFq,1,@cbsnews
101,0.0,2018-06-26 23:39:49+00:00,1.0,0.0,0.0,"In San Francisco, a six-digit salary can mean you qualify as a low-income resident https://t.co/8kPxm8N2kZ https://t.co/vsWWLTDZl0",2,@cbsnews
102,-0.649,2018-06-26 23:20:31+00:00,0.739,0.261,0.0,Cellphone video shows moment a passenger became enraged after her flight made an emergency landing in Minnesota‚Ä¶ https://t.co/weG2QB2bY2,3,@cbsnews
103,-0.802,2018-06-26 23:09:03+00:00,0.714,0.286,0.0,"UPDATE: One person was killed and 12 others were injured during an explosion at a hospital in Gatesville, Texas, au‚Ä¶ https://t.co/Kl5eu1AqS4",4,@cbsnews
104,0.796,2018-06-26 23:01:54+00:00,0.705,0.0,0.295,"An American hero received the highest military award today. 

1st Lt. Garlin Conner's story was largely unknown unt‚Ä¶ https://t.co/dmIMmyrT8W",5,@cbsnews
105,0.0,2018-06-26 23:00:45+00:00,1.0,0.0,0.0,Polls are closing soon in several states holding primaries on Tuesday. Follow our live blog for updates:‚Ä¶ https://t.co/l4i7yVu9m6,6,@cbsnews
106,0.026,2018-06-26 22:52:15+00:00,0.95,0.0,0.05,"In San Francisco, the housing market is red hot and quickly getting out of reach for many. A report says the median‚Ä¶ https://t.co/hJpgfAyQOR",7,@cbsnews
107,-0.637,2018-06-26 22:48:20+00:00,0.556,0.319,0.126,Encouraging news in the fight against an aggressive type of brain cancer. New research shows an experimental treatm‚Ä¶ https://t.co/0oBOdpAuEZ,8,@cbsnews
108,-0.765,2018-06-26 22:46:40+00:00,0.664,0.336,0.0,"Fire crews in northern California are struggling to contain the massive Pawnee Fire. 

Mark Strassmann reports from‚Ä¶ https://t.co/WEfiEMcAWT",9,@cbsnews
109,-0.402,2018-06-26 22:44:17+00:00,0.847,0.153,0.0,"An explosion at a hospital outside Waco, Texas, left several people injured.

@DavidBegnaud has the latest:‚Ä¶ https://t.co/fCQgZdzUQB",10,@cbsnews
110,0.0,2018-06-26 22:41:43+00:00,1.0,0.0,0.0,".@jeffglor sat down with a group of voters in California. Three identify as liberals, three as conservatives. 

We‚Ä¶ https://t.co/YAsSEBoguQ",11,@cbsnews
111,0.296,2018-06-26 22:39:13+00:00,0.891,0.0,0.109,"""[Supreme Court] Justice Kennedy has said privately that he is considering retirement, but the question is: When? E‚Ä¶ https://t.co/L4MBhxXMBy",12,@cbsnews
112,0.402,2018-06-26 22:36:30+00:00,0.595,0.134,0.271,"In a landmark ruling, the Supreme Court upheld its newest version of the travel ban, giving the president a large l‚Ä¶ https://t.co/VxWJC5Sedl",13,@cbsnews
113,-0.402,2018-06-26 22:17:01+00:00,0.876,0.124,0.0,Bank of America allegedly is neglecting basic upkeep of foreclosed homes in black and Latino neighborhoods in 37 ci‚Ä¶ https://t.co/XG17Tjq3AU,14,@cbsnews
114,-0.917,2018-06-26 22:00:58+00:00,0.554,0.446,0.0,"The NYPD made an eighth arrest in the fatal stabbing of a Bronx teenager, who was brutally attacked outside a deli‚Ä¶ https://t.co/JmCkzZCqOv",15,@cbsnews
115,0.0,2018-06-26 21:45:30+00:00,1.0,0.0,0.0,"HHS official says 2,047 children who were separated from their families under  President Trump's ""zero-tolerance po‚Ä¶ https://t.co/hGsLTac02S",16,@cbsnews
116,0.0,2018-06-26 21:30:56+00:00,0.702,0.149,0.149,"In its decision to uphold the travel ban, the Supreme Court also repudiated a long-discredited ruling that stood un‚Ä¶ https://t.co/lvMfXsnNQN",17,@cbsnews
117,0.0,2018-06-26 21:15:44+00:00,1.0,0.0,0.0,"Authorities are responding to reports of a ""very large"" explosion near a hospital in Gatesville, Texas, local offic‚Ä¶ https://t.co/8qmlgt7DO8",18,@cbsnews
118,-0.296,2018-06-26 20:59:56+00:00,0.901,0.099,0.0,Man opens Reese's Peanut Butter Cup and finds no peanut butter inside -- a few weeks later he got another surprise‚Ä¶ https://t.co/6OPw4mFeV5,19,@cbsnews
119,0.0,2018-06-26 20:44:49+00:00,1.0,0.0,0.0,"Anonymous and provocative street artist Banksy appears to have left his mark on Paris, painting several new works t‚Ä¶ https://t.co/5bfFDxHQM4",20,@cbsnews
120,-0.494,2018-06-26 20:41:56+00:00,0.824,0.176,0.0,"Possible explosion, partial collapse reported at hospital in Gatesville, Texas, according to CBS News affiliate‚Ä¶ https://t.co/SruV9PapeM",21,@cbsnews
121,0.0,2018-06-26 20:29:51+00:00,1.0,0.0,0.0,"Seventeen states, including Washington, New York and California, sued President Trump's administration in an effort‚Ä¶ https://t.co/AZPmYQCYc4",22,@cbsnews
122,-0.477,2018-06-26 20:12:45+00:00,0.846,0.154,0.0,"David Lynch believes pro-Trump comments were taken out of context, says president is ""causing suffering and divisio‚Ä¶ https://t.co/oK5mRVRKaz",23,@cbsnews
123,0.542,2018-06-26 20:03:08+00:00,0.594,0.129,0.277,"President Trump hands Medal of Honor to World War II veteran Lt. Garlin Conner's widow, who accepted it on his beha‚Ä¶ https://t.co/v4Rz5kHvip",24,@cbsnews
124,-0.183,2018-06-26 19:54:38+00:00,0.506,0.26,0.234,"""Lieutenant Connor's courageous actions killed roughly 50 German soldiers, injured 100 more and saved so many Ameri‚Ä¶ https://t.co/7YV6ADckiy",25,@cbsnews
125,0.34,2018-06-26 19:44:04+00:00,0.625,0.143,0.232,"WATCH NOW: President Trump presents Medal of Honor posthumously to Army 1st Lt. Garlin Conner, a World War II veter‚Ä¶ https://t.co/NRjWanaetP",26,@cbsnews
126,0.0,2018-06-26 19:32:04+00:00,1.0,0.0,0.0,Restaurants bearing some version of the Red Hen name are trying to distance themselves from the decision by one bus‚Ä¶ https://t.co/C2GoDwQWJo,27,@cbsnews
127,0.0,2018-06-26 19:09:44+00:00,1.0,0.0,0.0,Flamingo that escaped a Kansas zoo in 2005 has been spotted in Texas https://t.co/kuFqGzK3gS https://t.co/jElF6uQ1CE,28,@cbsnews
128,-0.625,2018-06-26 18:35:31+00:00,0.779,0.221,0.0,"WATCH: A Kangaroo interrupted a soccer game in Australia and when he got tired of being goalie, he decided to loung‚Ä¶ https://t.co/P43waOVnS9",29,@cbsnews
129,0.0,2018-06-26 18:14:38+00:00,1.0,0.0,0.0,"Buzz Aldrin sues two of his children, alleging misuse of his finances and slander https://t.co/LoBCP0fCDQ https://t.co/N7AyqMRHri",30,@cbsnews
130,-0.586,2018-06-26 17:54:32+00:00,0.688,0.244,0.069,Escort Alix Tichelman describes death of Google executive aboard his yacht https://t.co/xoWNOdPdLx https://t.co/7ecPHQEXad,31,@cbsnews
131,-0.625,2018-06-26 17:35:19+00:00,0.779,0.221,0.0,"WATCH: A Kangaroo interrupted a soccer game in Australia and when he got tired of being goalie, he decided to loung‚Ä¶ https://t.co/NQ75I4wrSs",32,@cbsnews
132,0.727,2018-06-26 17:33:39+00:00,0.736,0.0,0.264,"RT @CBSThisMorning: WATCH: Comedian @RealTracyMorgan reflects on his life and sends a heartfelt message to his 6-year-old self.

üì∫See more‚Ä¶",33,@cbsnews
133,-0.691,2018-06-26 17:14:50+00:00,0.637,0.363,0.0,"Heather Locklear arrested for allegedly battering police officer, emergency personnel https://t.co/zvSO2hWI7h https://t.co/5iNnZ3EsyH",34,@cbsnews
134,-0.34,2018-06-26 17:05:38+00:00,0.639,0.226,0.135,"The Supreme Court's ruling ""shows the attacks from the media and the Democrat politicians are wrong, and they turne‚Ä¶ https://t.co/jnfo7Co2Jg",35,@cbsnews
135,0.557,2018-06-26 17:04:09+00:00,0.833,0.0,0.167,"WATCH: President Trump attends lunch with congressional lawmakers, where he's expected to weigh in on the Supreme C‚Ä¶ https://t.co/FuZbPX3dvG",36,@cbsnews
136,0.0,2018-06-26 16:54:39+00:00,1.0,0.0,0.0,"Sean Spicer TV show, ""Sean Spicer's Common Ground,"" in the works https://t.co/bf0s9xNmWa https://t.co/iIo66KxQAX",37,@cbsnews
137,0.0,2018-06-26 16:34:56+00:00,1.0,0.0,0.0,"Years ago, a royal helped a couple survive the Holocaust. Today, Prince William met with their descendants.‚Ä¶ https://t.co/Zix2KKC3Cy",38,@cbsnews
138,0.296,2018-06-26 16:14:42+00:00,0.455,0.2,0.345,"""Jurassic World"" star Chris Pratt surprises charity screening benefitting kids with cancer https://t.co/Q2QERry5TR https://t.co/1HNV3iwoCX",39,@cbsnews
139,0.557,2018-06-26 15:30:06+00:00,0.825,0.0,0.175,WATCH LIVE: The Council on American‚ÄìIslamic Relations is holding a press conference to react to the Supreme Court's‚Ä¶ https://t.co/7yQgYZNFEt,40,@cbsnews
140,0.0,2018-06-26 15:23:25+00:00,1.0,0.0,0.0,WATCH: Vice President Mike Pence is meeting with the president of Brazil; the leaders are expected to discuss immig‚Ä¶ https://t.co/fk5VSnM0jV,41,@cbsnews
141,-0.67,2018-06-26 14:59:35+00:00,0.78,0.22,0.0,Second shooting at California state park where dad was killed while camping with his young daughters‚Ä¶ https://t.co/Xenquvq7S7,42,@cbsnews
142,-0.477,2018-06-26 14:52:03+00:00,0.846,0.154,0.0,"""We are disappointed to hear about today's ruling,"" says Harris Zafar, a spokesman for the Ahmadiyya Muslim Communi‚Ä¶ https://t.co/YOdIeljqHe",43,@cbsnews
143,0.0,2018-06-26 14:46:15+00:00,0.625,0.188,0.188,"NEW: President Trump tweets after Supreme Court upholds his administration's travel ban: ""Wow!""‚Ä¶ https://t.co/WpRSSBnz30",44,@cbsnews
144,0.273,2018-06-26 14:34:03+00:00,0.659,0.132,0.209,"""I don't think this decision is a surprise. The Supreme Court in December allowed the travel ban to take effect, wh‚Ä¶ https://t.co/O4oSYgTAfq",45,@cbsnews
145,0.557,2018-06-26 14:29:27+00:00,0.833,0.0,0.167,"The White House has not yet reacted officially to the Supreme Court's decision on President Trump's travel ban,‚Ä¶ https://t.co/duXnPT45Kr",46,@cbsnews
146,0.557,2018-06-26 14:27:24+00:00,0.841,0.0,0.159,The Supreme Court ‚Äúis saying that¬†presidents get that deference¬†and this decision signals that¬†they will not carve‚Ä¶ https://t.co/5qVJTyFsLh,47,@cbsnews
147,0.774,2018-06-26 14:25:11+00:00,0.687,0.0,0.313,"""This is really the most significant¬†legal test of the Trump¬†presidency,"" @JanCBS reports on the Supreme Court's de‚Ä¶ https://t.co/sFoiBhsgHL",48,@cbsnews
148,0.0,2018-06-26 14:21:15+00:00,0.735,0.132,0.132,JUST IN: The Supreme Court has sided with President Trump on his travel ban on immigrants entering the U.S. from so‚Ä¶ https://t.co/7tSXKCjz1P,49,@cbsnews
149,0.103,2018-06-26 14:16:05+00:00,0.849,0.066,0.085,"Hard numbers:
‚ñ™Ô∏è 813: The population of China‚Äôs cities has quintupled since 1908 ‚Äî reaching 813M people today
‚ñ™Ô∏è 43‚Ä¶ https://t.co/1n6sSGGLBQ",50,@cbsnews
150,-0.562,2018-06-26 14:14:51+00:00,0.751,0.249,0.0,"WARNING: Rattlesnakes could be lurking in your pool noodles, Arizona officials caution all pool owners‚Ä¶ https://t.co/Q44HsDXRxz",51,@cbsnews
151,0.0,2018-06-26 14:10:26+00:00,1.0,0.0,0.0,Turkish President Erdogan now has sweeping new¬†executive powers entering his¬†second term.¬†Opponents slammed the win‚Ä¶ https://t.co/t4BPoau3ni,52,@cbsnews
152,0.572,2018-06-26 14:03:09+00:00,0.85,0.0,0.15,"Derek Jeter turns 44 today. But for baseball fans, he doesn‚Äôt look a day over 2.  Happy birthday to the Yankee grea‚Ä¶ https://t.co/gxQy68LvHD",53,@cbsnews
153,-0.026,2018-06-26 13:45:33+00:00,0.773,0.116,0.111,President Trump is denying that his trade policy is responsible for Harley-Davidson's decision to shift some motorc‚Ä¶ https://t.co/x5LXQJhVo7,54,@cbsnews
154,0.318,2018-06-26 13:30:33+00:00,0.905,0.0,0.095,The price of Jack Daniel's Tennessee Whiskey will increase in the EU because of the impact of the bloc's new 25% ta‚Ä¶ https://t.co/5wU0DN6JTC,55,@cbsnews
155,-0.526,2018-06-26 13:14:55+00:00,0.848,0.152,0.0,"The U.S. is now ranked among the 10 nations considered to be the most dangerous for women, experts say:‚Ä¶ https://t.co/ak9YIrGWg7",56,@cbsnews
156,-0.67,2018-06-26 13:04:25+00:00,0.836,0.164,0.0,RT @CBSThisMorning: The suicide rate is on the rise in this country. This month's deaths of designer Kate Spade and chef Anthony Bourdain g‚Ä¶,57,@cbsnews
157,-0.34,2018-06-26 13:00:27+00:00,0.833,0.167,0.0,"WATCH: A flamethrower drone shoots fire to remove debris on a power line üî•
https://t.co/loneunGMks https://t.co/SGWE2JiqOc",58,@cbsnews
158,0.348,2018-06-26 12:40:37+00:00,0.721,0.109,0.17,Republicans are so far at a loss on how to find a legislative fix to the country's outstanding immigration problems‚Ä¶ https://t.co/SKErUqdvlc,59,@cbsnews
159,0.586,2018-06-26 12:29:29+00:00,0.682,0.073,0.245,Doctors using the polio virus to treat aggressive brain tumors called glioblastomas report promising results. Of 61‚Ä¶ https://t.co/pOHmWTuPio,60,@cbsnews
160,0.0,2018-06-26 12:20:02+00:00,1.0,0.0,0.0,"WATCH: A squirrel stole a donut from a cop in Anchorage and the heist was caught on camera. ""That's a straight-up f‚Ä¶ https://t.co/ifLKmjDsxn",61,@cbsnews
161,0.0,2018-06-26 12:17:30+00:00,1.0,0.0,0.0,Prince William is in Israel on Tuesday morning for the first official visit by British royalty: https://t.co/KEvQJnrkuF,62,@cbsnews
162,0.153,2018-06-26 12:15:36+00:00,0.696,0.117,0.187,A 17-year-old made a stunning escape from a plane crash in Detroit. Dramatic video shows the teen rolling out of th‚Ä¶ https://t.co/6aK0Kr105I,63,@cbsnews
163,-0.44,2018-06-26 12:12:49+00:00,0.843,0.157,0.0,"When Sarah Sanders was asked to leave the Red Hen in Lexington, Va., it led to trouble for other restaurants with t‚Ä¶ https://t.co/UPETDTadSv",64,@cbsnews
164,0.0,2018-06-26 12:09:35+00:00,1.0,0.0,0.0,.@CBSEveningNews‚Äô @JeffGlor spoke with a group of voters in California to discuss the increasingly heated rhetoric‚Ä¶ https://t.co/Ip8MdswQdU,65,@cbsnews
165,0.494,2018-06-26 12:00:02+00:00,0.833,0.0,0.167,Firefighters lend a hand -- and hose -- to family filling pool on hot summer day https://t.co/nCNBZ4yFda https://t.co/h0269UUJ3P,66,@cbsnews
166,-0.526,2018-06-26 11:46:23+00:00,0.861,0.139,0.0,"RT @CBSThisMorning: ‚û°Ô∏è A new Thomson Reuters survey reveals India is the world's most dangerous country for women

‚û°Ô∏è  New study shows babi‚Ä¶",67,@cbsnews
167,0.202,2018-06-26 11:44:49+00:00,0.859,0.0,0.141,Two paint manufacturers that want to wipe out potentially hundreds of millions of dollars in legal obligations coul‚Ä¶ https://t.co/BpkYWg21IS,68,@cbsnews
168,-0.382,2018-06-26 11:40:14+00:00,0.867,0.133,0.0,The fight between the two Republicans is the most closely watched race in New York's congressional primaries:‚Ä¶ https://t.co/gzdBpOCT9I,69,@cbsnews
169,-0.67,2018-06-26 11:36:43+00:00,0.791,0.209,0.0,Los Angeles sheriffs confirm a second shooting at Malibu Creek State Park where Tristan Beaudette was killed early‚Ä¶ https://t.co/duH0fbKNmH,70,@cbsnews
170,-0.796,2018-06-26 11:19:34+00:00,0.693,0.307,0.0,A 14-year-old boy from Texas was killed Monday during severe weather when a tree fell at a By Scout camp‚Ä¶ https://t.co/Imh16NtZEV,71,@cbsnews
171,-0.382,2018-06-26 11:18:34+00:00,0.874,0.126,0.0,"A rising trade fight between the U.S. and its economic allies led to big selloffs on Wall Street. Harley-Davidson,‚Ä¶ https://t.co/IElVv79Un5",72,@cbsnews
172,-0.557,2018-06-26 11:13:32+00:00,0.796,0.204,0.0,President Trump is warning one of his loudest critics in Congress who says his Cabinet members should be confronted‚Ä¶ https://t.co/66oApkC6Kf,73,@cbsnews
173,0.0,2018-06-26 11:09:38+00:00,1.0,0.0,0.0,We're learning new details about the daily lives of the more than 300 teens being held in government centers at the‚Ä¶ https://t.co/p1dzydiCWJ,74,@cbsnews
174,-0.44,2018-06-26 11:06:21+00:00,0.861,0.139,0.0,President Trump is ramping up his attacks on undocumented immigrants and lashing out at political opponents. The pr‚Ä¶ https://t.co/Pz4UEisKHR,75,@cbsnews
175,-0.66,2018-06-26 11:00:14+00:00,0.761,0.239,0.0,"Farmers in America are killing themselves in staggering numbers, according to the CDC: https://t.co/aDrVIKGMYz https://t.co/cjVfDUG3yf",76,@cbsnews
176,0.0,2018-06-26 10:50:16+00:00,1.0,0.0,0.0,RT @CBSThisMorning: WATCH: Take a look at what's coming up on @CBSThisMorning. https://t.co/jq8S0JQbZl,77,@cbsnews
177,0.402,2018-06-26 10:39:30+00:00,0.803,0.0,0.197,"Former President George H.W. Bush welcomes service dog, named ""Sully"" https://t.co/FeO6qnbuqd https://t.co/lyhJwm7JiK",78,@cbsnews
178,0.0,2018-06-26 10:29:38+00:00,1.0,0.0,0.0,"AHEAD: @CBSThisMorning takes a closer look at a border shelter facility described as ""a strict and structured camp.‚Ä¶ https://t.co/5KVv6iLrNu",79,@cbsnews
179,-0.67,2018-06-26 10:25:01+00:00,0.824,0.176,0.0,There were more than twice as many suicide deaths in the U.S. as there were homicide deaths in 2016. Ahead on‚Ä¶ https://t.co/2N2ZesNsK0,80,@cbsnews
180,-0.832,2018-06-26 10:19:50+00:00,0.659,0.341,0.0,"Police say a knife-wielding man slashed and killed an officer in a local police station, took the man's gun and fat‚Ä¶ https://t.co/cgKbRgBrvs",81,@cbsnews
181,-0.296,2018-06-26 10:03:03+00:00,0.879,0.121,0.0,White House press secretary Sarah Sanders is receiving backlash for posting a complaint about a restaurant on Twitt‚Ä¶ https://t.co/0GkDtDDQDt,82,@cbsnews
182,-0.511,2018-06-26 09:48:03+00:00,0.769,0.231,0.0,Outcry after woman calls police on little girl selling water https://t.co/0E7Vi3IRxz https://t.co/gJqMYsCTYs,83,@cbsnews
183,0.0,2018-06-26 09:33:03+00:00,1.0,0.0,0.0,Backyard chickens rule the roost in Silicon Valley https://t.co/KUXTySHKD9 https://t.co/sOx0PNdSbf,84,@cbsnews
184,0.273,2018-06-26 09:18:04+00:00,0.851,0.0,0.149,Trump supporter defends administration for separating children from parents at border https://t.co/81cqXNy0Vj https://t.co/X2qlZtF8Mb,85,@cbsnews
185,-0.751,2018-06-26 09:03:05+00:00,0.519,0.481,0.0,Tech workers protest government ties as migrant conflict rages https://t.co/iAbGjCMwhL https://t.co/ftmALj6Peg,86,@cbsnews
186,-0.023,2018-06-26 08:48:04+00:00,0.539,0.233,0.228,GOP Senate candidate says Civil War wasn't about slavery https://t.co/piGOeqalOJ https://t.co/0gCCQjymWM,87,@cbsnews
187,0.0,2018-06-26 08:33:03+00:00,1.0,0.0,0.0,Asylum applicant seeks news of separated 3-year-old granddaughter https://t.co/f97aBQ06z0 https://t.co/l7q7hPnNNW,88,@cbsnews
188,-0.778,2018-06-26 08:18:06+00:00,0.638,0.362,0.0,"Factory workers lose jobs as steel tariffs put business in ""crisis mode"" https://t.co/6YY8SVhIqD https://t.co/Hktfw3ojeF",89,@cbsnews
189,0.402,2018-06-26 08:03:05+00:00,0.722,0.0,0.278,Brigitte Nielsen welcomes daughter at 54 https://t.co/hCQR6liw9d https://t.co/GfwJqwOYq9,90,@cbsnews
190,-0.67,2018-06-26 07:48:03+00:00,0.727,0.273,0.0,Scientist killed while camping with daughters at Malibu Creek State Park https://t.co/EsMyx1BgDf https://t.co/ELZXUIY5Yp,91,@cbsnews
191,-0.026,2018-06-26 07:33:04+00:00,0.71,0.148,0.142,Cop helping evacuees loses home as thousands flee massive California wildfire https://t.co/HNRuMqj8fB https://t.co/KNGDiEXudL,92,@cbsnews
192,-0.226,2018-06-26 07:18:04+00:00,0.791,0.209,0.0,"Rattlesnakes could be lurking in your pool noodles, Arizona officials warn https://t.co/jYiKZig4Xy https://t.co/eAgAd9c38h",93,@cbsnews
193,0.0,2018-06-26 07:03:04+00:00,1.0,0.0,0.0,Teen was 42nd child to flee network of migrant shelters along border since October https://t.co/e6nGv8zKG2 https://t.co/DvvYWJIW6X,94,@cbsnews
194,0.0,2018-06-26 06:48:04+00:00,1.0,0.0,0.0,"Jimmy Fallon takes action after Donald Trump tells him to ""be a man"" over hair-tousling https://t.co/PGijIhlwOu https://t.co/4O3iNqWXww",95,@cbsnews
195,-0.382,2018-06-26 06:33:03+00:00,0.794,0.206,0.0,Kids overdosing on meds meant to fight opioid addiction https://t.co/nnBYJXNjB2 https://t.co/yG2Ce7XxAR,96,@cbsnews
196,-0.026,2018-06-26 06:18:04+00:00,0.571,0.217,0.211,English bulldog named Zsa Zsa wins World's Ugliest Dog title https://t.co/AY9ykZzYtu https://t.co/Dlvkr06fPB,97,@cbsnews
197,-0.832,2018-06-26 06:03:03+00:00,0.443,0.557,0.0,Suspect arrested in fatal shooting of California firefighter https://t.co/q14rioEpsf https://t.co/loSM5CtCx6,98,@cbsnews
198,0.052,2018-06-26 05:48:04+00:00,0.755,0.118,0.127,"""A teacher to the end"" makes final request for her funeral as a way to help students https://t.co/aPJS1ypRm7 https://t.co/9fBiFV6EgW",99,@cbsnews
199,0.0,2018-06-26 05:33:03+00:00,1.0,0.0,0.0,Voters weigh in on Sarah Sanders' restaurant controversy https://t.co/XY48YfUw2Y https://t.co/R5W0iQsUDl,100,@cbsnews
200,0.475,2018-06-27 00:00:23+00:00,0.829,0.0,0.171,Aston Martin has unveiled the most powerful regular production car the company has ever offered‚Ä¶ https://t.co/1dSgNbOo1Z,1,@cnn
201,0.0,2018-06-26 23:45:04+00:00,1.0,0.0,0.0,The leader of NOAA says climate study remains the agency's priority following reports that it was considering a dra‚Ä¶ https://t.co/yBuhmt3HDM,2,@cnn
202,0.382,2018-06-26 23:30:38+00:00,0.746,0.097,0.157,"RT @OutFrontCNN: When it comes to defending religious freedom, ‚ÄúI will fight [Trump] in every single way possible,‚Äù Democratic Sen. Cory Bo‚Ä¶",3,@cnn
203,0.0,2018-06-26 23:30:07+00:00,1.0,0.0,0.0,White House press secretary Sarah Sanders is expected to receive Secret Service protection. The move comes after sh‚Ä¶ https://t.co/ADrjgwrp2k,4,@cnn
204,0.612,2018-06-26 23:15:53+00:00,0.715,0.0,0.285,Uber wins the right to keep operating in London https://t.co/DfiaLiHddx https://t.co/29ZDsRkw0n,5,@cnn
205,-0.057,2018-06-26 23:04:36+00:00,0.925,0.075,0.0,"Democrats are wary of public shaming: ""I don't want red restaurants and blue restaurants""
https://t.co/qUe5XP5M1r https://t.co/OuDAAstdCG",6,@cnn
206,-0.318,2018-06-26 22:53:26+00:00,0.867,0.133,0.0,"North Korea's on Trump's travel ban list, but that's not likely to disrupt diplomacy https://t.co/Nb8COVHdAw https://t.co/QeNX4pW1ky",7,@cnn
207,-0.361,2018-06-26 22:41:11+00:00,0.889,0.111,0.0,Congressional Budget Office projects federal debt could rise to a historic 152% of GDP by 2048 -- the highest in US‚Ä¶ https://t.co/MbvO5UpYtD,8,@cnn
208,-0.226,2018-06-26 22:29:04+00:00,0.888,0.112,0.0,"""What happened to us should never happen again"": Japanese-American protesters weigh in on travel ruling‚Ä¶ https://t.co/2mArXDNfQO",9,@cnn
209,0.0,2018-06-26 22:17:24+00:00,1.0,0.0,0.0,"A large streak of ""blue"" was found on the Mars 
https://t.co/O73TiS0GA2 https://t.co/7TKMLBCRar",10,@cnn
210,0.922,2018-06-26 22:05:54+00:00,0.515,0.0,0.485,"President Trump awarded a posthumous Medal of Honor to a member of the greatest generation, then-1st Lt. Garlin Mur‚Ä¶ https://t.co/nmpFBn7ikn",11,@cnn
211,-0.772,2018-06-26 21:53:53+00:00,0.675,0.325,0.0,"At least 19 people were shot Monday in Chicago, where police for months have touted declining gun violence https://t.co/FRQJ8bL7Py",12,@cnn
212,-0.557,2018-06-26 21:41:34+00:00,0.816,0.184,0.0,"If you're coming to the US, this is how the travel ban could affect you https://t.co/htB3U0iPEB https://t.co/UeCDHS8p2o",13,@cnn
213,0.0,2018-06-26 21:29:10+00:00,1.0,0.0,0.0,Melania Trump is set for a second trip to immigration facilities https://t.co/4wD0DVYMeS https://t.co/52W3JY322t,14,@cnn
214,-0.802,2018-06-26 21:17:25+00:00,0.675,0.325,0.0,"After finding a gun in a sofa at IKEA, a child fired the loaded weapon in the store, prompting an investigation of‚Ä¶ https://t.co/4AEKCwDNLT",15,@cnn
215,-0.557,2018-06-26 21:06:17+00:00,0.847,0.153,0.0,Uber's Middle East rival is recruiting Saudi women to take the wheel after a female driving ban was lifted on Sunday https://t.co/Z306TrKnbk,16,@cnn
216,0.077,2018-06-26 20:55:01+00:00,0.681,0.152,0.168,Mitt Romney is running for Senate as a friend and foe of President Trump https://t.co/5dDiCsmJ6B https://t.co/I7Z2Bp5BHp,17,@cnn
217,0.0,2018-06-26 20:44:24+00:00,1.0,0.0,0.0,Russian pop star at the center of the 2016 Trump Tower meeting story trolls the US https://t.co/VrQcOBhiB1 https://t.co/VmThxs64aY,18,@cnn
218,0.103,2018-06-26 20:33:14+00:00,0.595,0.19,0.214,Supreme Court finally rejects the infamous Korematsu decision on Japanese-American internment‚Ä¶ https://t.co/BbMKE9ZYFL,19,@cnn
219,-0.822,2018-06-26 20:21:56+00:00,0.631,0.369,0.0,"Leaking bourbon from a Kentucky distillery accident killed hundreds of fish, the state says
https://t.co/OqTcPcAdN7 https://t.co/nMqMPg1LaQ",20,@cnn
220,0.827,2018-06-26 20:11:07+00:00,0.492,0.12,0.388,"President Trump awarded a posthumous Medal of Honor to World War II hero Garlin Murl Conner, believed to be the sec‚Ä¶ https://t.co/KPCKlNUyNs",21,@cnn
221,0.0,2018-06-26 20:10:54+00:00,1.0,0.0,0.0,Voters across the US are heading to the polls for Tuesday's primaries. Here's what you need to know.‚Ä¶ https://t.co/vHzj9e6f0U,22,@cnn
222,0.0,2018-06-26 19:59:05+00:00,1.0,0.0,0.0,"The Trump administration expects all countries to reduce their Iranian oil imports to zero or face US sanctions, a‚Ä¶ https://t.co/tfMehPVZcp",23,@cnn
223,0.836,2018-06-26 19:45:41+00:00,0.489,0.119,0.391,"President Trump is awarding a posthumous Medal of Honor to World War II hero Garlin Murl Conor, believed to be the‚Ä¶ https://t.co/eeUlobai2U",24,@cnn
224,-0.273,2018-06-26 19:37:55+00:00,0.909,0.091,0.0,New York Gov. Andrew Cuomo announced that New York state and more than a dozen other states are suing the federal g‚Ä¶ https://t.co/xbDDM7GtHR,25,@cnn
225,-0.557,2018-06-26 19:27:07+00:00,0.816,0.184,0.0,"If you're coming to the US, this is how the travel ban could affect you https://t.co/H4I8udOpa1 https://t.co/xGtNjwN2oU",26,@cnn
226,0.0,2018-06-26 19:15:45+00:00,0.735,0.132,0.132,"The first Muslim elected to Congress says the Supreme Court's decision to uphold the travel ban will end up in ""the‚Ä¶ https://t.co/DKEMEx6j4F",27,@cnn
227,-0.757,2018-06-26 19:04:58+00:00,0.505,0.374,0.121,"""No ban, no wall!"" People chanted in front of the Supreme Court protesting the decision to uphold President Trump's‚Ä¶ https://t.co/7JqboQMPYH",28,@cnn
228,-0.382,2018-06-26 18:52:28+00:00,0.505,0.313,0.182,Democrats are upset about the Supreme Court upholding the travel ban https://t.co/C6qseMpElZ https://t.co/jE4ywCSz7z,29,@cnn
229,0.572,2018-06-26 18:41:29+00:00,0.562,0.145,0.293,"President Donald Trump called Tuesday's Supreme Court ruling on the travel ban ""a tremendous success, a tremendous‚Ä¶ https://t.co/qWIco2jrZy",30,@cnn
230,-0.802,2018-06-26 18:30:20+00:00,0.675,0.325,0.0,"After finding a gun in a sofa at IKEA, a child fired the loaded weapon in the store, prompting an investigation of‚Ä¶ https://t.co/zjez8m4krp",31,@cnn
231,-0.557,2018-06-26 18:15:15+00:00,0.753,0.247,0.0,Americans have been split on Trump's travel ban for a while https://t.co/uUyWT6nkVc https://t.co/S3BExJGO0Q,32,@cnn
232,-0.494,2018-06-26 18:01:17+00:00,0.802,0.198,0.0,"Cocaine and heroin supplies hit record highs globally, according to new report https://t.co/umd2PebaPQ https://t.co/syzJfUEqY2",33,@cnn
233,0.612,2018-06-26 17:47:07+00:00,0.715,0.0,0.285,Uber wins the right to keep operating in London https://t.co/dX6bTREYEK https://t.co/39UFufLznl,34,@cnn
234,0.0,2018-06-26 17:35:56+00:00,1.0,0.0,0.0,"Nearly 2 years ago, millions of people witnessed the last moments of Philando Castile‚Äôs life after he was shot by p‚Ä¶ https://t.co/eUGQy52oZG",35,@cnn
235,0.572,2018-06-26 17:23:34+00:00,0.579,0.139,0.282,"President Trump on the Supreme Court's travel ban ruling: ""A tremendous success, a tremendous victory for the Ameri‚Ä¶ https://t.co/fLWA1fwl7J",36,@cnn
236,0.572,2018-06-26 17:23:15+00:00,0.579,0.139,0.282,"President Trump on the Supreme Court's travel ban ruling: ""A tremendous success, a tremendous victory for the Ameri‚Ä¶ https://t.co/2SEhkmC4u4",37,@cnn
237,0.0,2018-06-26 17:16:40+00:00,1.0,0.0,0.0,World's most expensive cities for expats in 2018 revealed https://t.co/933Zq73U4h https://t.co/5JYj57rI9f,38,@cnn
238,0.402,2018-06-26 17:05:34+00:00,0.602,0.145,0.253,5 takeaways from the Supreme Court's monumental ruling in support of Trump's travel ban | Analysis by Chris Cillizz‚Ä¶ https://t.co/bZPjTROCoe,39,@cnn
239,0.557,2018-06-26 16:54:17+00:00,0.825,0.0,0.175,The Supreme Court sided Tuesday with faith-based pregnancy centers in California in a case that pitted abortion rig‚Ä¶ https://t.co/rT5cDxl0gx,40,@cnn
240,0.0,2018-06-26 16:51:27+00:00,1.0,0.0,0.0,The 55 most over-the-top lines from Donald Trump's South Carolina speech | Analysis by¬†Chris Cillizza‚Ä¶ https://t.co/SAkA6HJ7jt,41,@cnn
241,0.0,2018-06-26 16:36:45+00:00,1.0,0.0,0.0,Steel tariffs could force the US's largest nail manufacturer to close or move to Mexico https://t.co/OmIb7p5XRa,42,@cnn
242,-0.474,2018-06-26 16:26:18+00:00,0.769,0.158,0.073,Five teenagers who taunted a drowning man as they recorded his death in Florida will not face charges because by la‚Ä¶ https://t.co/romMLKcPBb,43,@cnn
243,-0.68,2018-06-26 16:15:07+00:00,0.504,0.367,0.13,"Protesters are chanting ""No ban, no wall!"" outside the Supreme Court following the decision to uphold President Tru‚Ä¶ https://t.co/WVkLflHiiP",44,@cnn
244,-0.557,2018-06-26 16:05:06+00:00,0.816,0.184,0.0,"President Trump calls travel ban ruling ""a tremendous victory for the American People and the Constitution""‚Ä¶ https://t.co/knAhrK7MU5",45,@cnn
245,-0.557,2018-06-26 15:55:00+00:00,0.847,0.153,0.0,Rep. Keith Ellison reacts to the travel ban ruling: ‚ÄúAs long as [Trump] puts a very thin veneer of national securit‚Ä¶ https://t.co/YxZVrTfThl,46,@cnn
246,-0.494,2018-06-26 15:51:02+00:00,0.802,0.198,0.0,"Cocaine and heroin supplies hit record highs globally, according to new report https://t.co/1cJr92jnZp https://t.co/ZdLcIoyCQI",47,@cnn
247,0.103,2018-06-26 15:38:32+00:00,0.931,0.0,0.069,"House Speaker Paul Ryan called on Rep. Maxine Waters to apologize for urging opponents of Trump administration to ""‚Ä¶ https://t.co/r6DsDfHnG9",48,@cnn
248,-0.71,2018-06-26 15:27:08+00:00,0.731,0.269,0.0,"The Trump travel ban restricts entry from the following countries to varying degrees:
‚Ä¢ Iran
‚Ä¢ North Korea
‚Ä¢ Syria‚Ä¶ https://t.co/CwD0dTqgAS",49,@cnn
249,-0.932,2018-06-26 15:26:17+00:00,0.43,0.52,0.051,JUST IN: Sudan overturns death sentence for teen who killed her rapist husband https://t.co/LRWoxOdggA https://t.co/AtwcWmQgvE,50,@cnn
250,0.7,2018-06-26 15:14:41+00:00,0.756,0.0,0.244,"""We need to reclaim our values... We're a good nation, we're a good people. And we should be setting a standard on‚Ä¶ https://t.co/14zHoRUeBD",51,@cnn
251,0.0,2018-06-26 15:00:04+00:00,0.604,0.198,0.198,Read the Supreme Court's 5-4 ruling upholding the President's travel ban https://t.co/Xpe22vGafU https://t.co/AhKuYVzbJs,52,@cnn
252,-0.052,2018-06-26 14:45:11+00:00,0.667,0.171,0.162,Three key quotes from Chief Justice John Roberts' majority opinion from the travel ban ruling https://t.co/4zhSgEv1IP,53,@cnn
253,-0.71,2018-06-26 14:43:46+00:00,0.763,0.237,0.0,"This is the third version of the travel ban, which restricts entry from seven countries to varying degrees: Iran, N‚Ä¶ https://t.co/8iilYFqARn",54,@cnn
254,0.361,2018-06-26 14:35:06+00:00,0.878,0.0,0.122,Philippine President Rodrigo Duterte promised to mend fences with the Catholic Church in the wake of scathing comme‚Ä¶ https://t.co/ostSSY0ytk,55,@cnn
255,0.0,2018-06-26 14:21:53+00:00,0.556,0.222,0.222,BREAKING: The Supreme Court has upheld President Trump's travel ban https://t.co/ZuB2RN6ker,56,@cnn
256,0.0,2018-06-26 14:14:45+00:00,1.0,0.0,0.0,President Trump vs. Harley-Davidson: What's really going on? https://t.co/gZVzLq7079,57,@cnn
257,-0.586,2018-06-26 14:04:12+00:00,0.745,0.255,0.0,"Tesla is trying out an aggressive ""Mad Max"" driving mode in its prototype autopilot feature https://t.co/LgSrIqlmLB",58,@cnn
258,-0.772,2018-06-26 13:54:05+00:00,0.675,0.325,0.0,"At least 19 people were shot Monday in Chicago, where police for months have touted declining gun violence https://t.co/gX9hFCjE9E",59,@cnn
259,0.572,2018-06-26 13:40:58+00:00,0.793,0.0,0.207,Sarah Sanders effectively threw her hands up when asked how the Trump administration was going to solve the crisis‚Ä¶ https://t.co/5TkabIuVdD,60,@cnn
260,0.296,2018-06-26 13:30:00+00:00,0.879,0.0,0.121,CNN's Jim Acosta faced both heckling and supportive statements while covering a rally for incumbent South Carolina‚Ä¶ https://t.co/H00a7C7rM5,61,@cnn
261,-0.557,2018-06-26 13:29:08+00:00,0.847,0.153,0.0,Uber's Middle East rival is recruiting Saudi women to take the wheel after a female driving ban was lifted on Sunday https://t.co/qcFdfzWkg1,62,@cnn
262,0.0,2018-06-26 13:16:55+00:00,1.0,0.0,0.0,Voters across the US are heading to the polls for Tuesday's primaries. Here's what you need to know.‚Ä¶ https://t.co/d9kX6wiJt8,63,@cnn
263,-0.625,2018-06-26 13:05:01+00:00,0.788,0.212,0.0,"As of Tuesday morning, General Electric is no longer in the Dow. Meet the new kid on the block: Walgreens https://t.co/rWaNEgF3ut",64,@cnn
264,0.0,2018-06-26 12:53:22+00:00,1.0,0.0,0.0,"Hunted and stigmatized, some albinos in Malawi will vie for seats in elections next year https://t.co/JLww4uKKRm https://t.co/RfnhwPLb9q",65,@cnn
265,-0.71,2018-06-26 12:42:31+00:00,0.564,0.344,0.092,"President Trump's trade battles could escalate into a global disaster, UK Treasury chief says https://t.co/EFAphb7X9O",66,@cnn
266,-0.34,2018-06-26 12:31:18+00:00,0.87,0.13,0.0,A bipartisan report is warning American institutions about future meddling in the US democratic system following th‚Ä¶ https://t.co/PKnXXBpNwZ,67,@cnn
267,-0.077,2018-06-26 12:20:12+00:00,0.929,0.071,0.0,"Prince William's $5,500-a-night hotel suite in Jerusalem provided him with tea and silver tea strainers specially f‚Ä¶ https://t.co/T7t5yULuRy",68,@cnn
268,0.0,2018-06-26 12:16:35+00:00,1.0,0.0,0.0,RT @cnni: The 2018 #WorldCup is in full swing. Do you have questions about how the tournament is going so far? CNN's @alexthomascnn is with‚Ä¶,69,@cnn
269,0.0,2018-06-26 12:08:30+00:00,1.0,0.0,0.0,"Japan's Princess Ayako announced she's marrying a non-royal, a move that will force her to renounce her royal statu‚Ä¶ https://t.co/XUIBEItTjw",70,@cnn
270,0.0,2018-06-26 11:57:20+00:00,1.0,0.0,0.0,"Catholic Church suspends priest who rapped sermons, saying ""the use of rap music is not allowed in preaching""‚Ä¶ https://t.co/6xjDJT2kWi",71,@cnn
271,0.477,2018-06-26 11:43:56+00:00,0.853,0.0,0.147,An engineered version of poliovirus improved the overall survival rate of patients with a lethal form of brain canc‚Ä¶ https://t.co/y7BqZb2m7P,72,@cnn
272,0.422,2018-06-26 11:39:19+00:00,0.787,0.065,0.148,"General Electric is spinning off its health care business, shrinking itself even further to pay down a mountain of‚Ä¶ https://t.co/kzCqlCiSIA",73,@cnn
273,0.0,2018-06-26 11:26:27+00:00,1.0,0.0,0.0,Australia is spending billions on unmanned spy drones https://t.co/Du5chZ0Srd https://t.co/w4lYS8ZhsG,74,@cnn
274,0.0,2018-06-26 11:16:12+00:00,1.0,0.0,0.0,Could pills soon replace insulin shots for diabetes patients? Here's a look at the latest research:‚Ä¶ https://t.co/dDI966dPHT,75,@cnn
275,-0.459,2018-06-26 11:07:43+00:00,0.857,0.143,0.0,"To defeat Trump in 2020, Democrats will need:
‚Ä¢Exciting candidates and big ideas
‚Ä¢First-rate ground game
‚Ä¢Strong fu‚Ä¶ https://t.co/6dE1D6sdMX",76,@cnn
276,0.0,2018-06-26 10:59:24+00:00,1.0,0.0,0.0,This 13th century illustration of a cockatoo suggests that trade off the coast of Australia was occurring much earl‚Ä¶ https://t.co/BSelSiAB7J,77,@cnn
277,-0.459,2018-06-26 10:49:37+00:00,0.87,0.13,0.0,A Latino man and his mother who were doing yard work in California were verbally attacked by a woman who called the‚Ä¶ https://t.co/Xxc2zjFr93,78,@cnn
278,0.527,2018-06-26 10:40:06+00:00,0.841,0.0,0.159,The conservative bloc under Chief Justice John Roberts has made it plain that concerns about race discrimination si‚Ä¶ https://t.co/JqIJzsEi4B,79,@cnn
279,0.361,2018-06-26 10:28:14+00:00,0.884,0.0,0.116,One of Canada's biggest music festivals is on pause because of a small bird and her nest of four eggs‚Ä¶ https://t.co/aHFGwq2GSw,80,@cnn
280,0.0,2018-06-26 10:16:33+00:00,1.0,0.0,0.0,McDonald's and Starbucks are among dozens of companies caught in a crackdown on plastics in India https://t.co/NgmApTcL9a,81,@cnn
281,-0.296,2018-06-26 10:04:55+00:00,0.891,0.109,0.0,Rescuers continue to search a partially flooded cave complex where 12 missing boys and their soccer coach are thoug‚Ä¶ https://t.co/0GR0RgN39v,82,@cnn
282,0.0,2018-06-26 09:53:35+00:00,1.0,0.0,0.0,The US is cracking down on North Korea's army of overseas workers https://t.co/ByceUDIdz2 https://t.co/5hFv9gPGxt,83,@cnn
283,0.0,2018-06-26 09:42:19+00:00,1.0,0.0,0.0,The oil and gas industry is coming for Colorado's sand dunes https://t.co/mirY5GEYgq via @CNNOpinion https://t.co/YJe3gTvoyj,84,@cnn
284,-0.402,2018-06-26 09:31:10+00:00,0.876,0.124,0.0,"Her doctor said it was all in her head. It wasn't. 

It was POTS: a little-known disorder causing heart palpitation‚Ä¶ https://t.co/Oa7A4y3V7i",85,@cnn
285,0.0,2018-06-26 09:20:08+00:00,1.0,0.0,0.0,"More than 8,000 acres burned by wildfires in Northern California https://t.co/1pn4MaJvuN https://t.co/nMFaIr9dFq",86,@cnn
286,-0.718,2018-06-26 08:51:49+00:00,0.625,0.375,0.0,A child fired a loaded gun he found in a couch at IKEA https://t.co/ebreAtWIEA https://t.co/6b1tINtget,87,@cnn
287,-0.459,2018-06-26 08:26:42+00:00,0.777,0.16,0.063,Nigeria has overtaken India as the country with the largest number of people living in extreme poverty https://t.co/AMMCaPdEIm,88,@cnn
288,-0.765,2018-06-26 08:02:17+00:00,0.625,0.375,0.0,Entire police force of Mexico town detained after mayoral candidate's assassination https://t.co/JrTKDzfpDv https://t.co/g8gAqO8ptJ,89,@cnn
289,-0.459,2018-06-26 07:38:23+00:00,0.87,0.13,0.0,A Latino man and his mother who were doing yard work in California were verbally attacked by a woman who called the‚Ä¶ https://t.co/bc4ILulfwQ,90,@cnn
290,0.0,2018-06-26 07:30:07+00:00,1.0,0.0,0.0,"The elaborate customized cars of Japan's ""lowriding"" subculture https://t.co/bxOLz1u9xc https://t.co/oT5YVsK4xI",91,@cnn
291,-0.494,2018-06-26 07:27:02+00:00,0.758,0.242,0.0,Doctor in Spain faces court over Franco-era 'stolen babies' https://t.co/ZxQ3pS3Jx8 https://t.co/VSOT6VMfEa,92,@cnn
292,0.0,2018-06-26 07:15:25+00:00,1.0,0.0,0.0,Heathrow gets go ahead to become world's biggest airport https://t.co/prm8lcOYC5 via @CNNTravel https://t.co/q0uBmd41m4,93,@cnn
293,0.402,2018-06-26 07:00:05+00:00,0.69,0.0,0.31,FDA approves first cannabis-based drug https://t.co/JrR4eQ9qSI https://t.co/R7HKTtCfGN,94,@cnn
294,-0.526,2018-06-26 06:48:06+00:00,0.78,0.22,0.0,"India is the most dangerous country to be a woman, survey shows https://t.co/Yuy1gi5dBQ https://t.co/atzm7Lv24N",95,@cnn
295,-0.459,2018-06-26 06:30:04+00:00,0.786,0.214,0.0,Occupy ICE encampment faces eviction from federal grounds in Portland https://t.co/P3sTFvui6T https://t.co/ifw8iYEAaC,96,@cnn
296,-0.718,2018-06-26 06:21:14+00:00,0.625,0.375,0.0,A child fired a loaded gun he found in a couch at IKEA https://t.co/2cSFL63diP https://t.co/sEG5OwogkZ,97,@cnn
297,0.586,2018-06-26 06:18:06+00:00,0.676,0.0,0.324,"$10 million worth of pot found, thanks to police dog https://t.co/5rnXVM6FE0 https://t.co/YpXVPNHrYD",98,@cnn
298,0.0,2018-06-26 06:00:09+00:00,1.0,0.0,0.0,Medical marijuana may soon be for sale in Arkansas. Is Oklahoma next?https://t.co/9lf51TM4Ye https://t.co/X2smkf92gK,99,@cnn
299,-0.276,2018-06-26 05:30:11+00:00,0.826,0.174,0.0,Why markets don't like US investment restrictions on China https://t.co/Kw0T90wxF2 https://t.co/S07Ycc39pz,100,@cnn
300,0.402,2018-06-27 00:03:25+00:00,0.816,0.0,0.184,".@NickFoles: ""Once we executed it, the 'Philly Special' came to life."" #TheStory https://t.co/hyiojJeofr",1,@foxnews
301,0.0,2018-06-27 00:02:00+00:00,1.0,0.0,0.0,Polls close in South Carolina as Gov. McMaster faces a runoff. https://t.co/Eirz4O4afo,2,@foxnews
302,0.904,2018-06-26 23:59:59+00:00,0.588,0.0,0.412,".@NickFoles on @Eagles Super Bowl win: ""Preparing for the game with my teammates I was really confident. We played‚Ä¶ https://t.co/S8kwFEsxYn",3,@foxnews
303,-0.382,2018-06-26 23:54:27+00:00,0.867,0.133,0.0,".@LindseyGrahamSC: ""I think @JohnBrennan has shown a dislike for the president that questions whether or not he act‚Ä¶ https://t.co/7v4xtYwPWd",4,@foxnews
304,0.0,2018-06-26 23:48:12+00:00,1.0,0.0,0.0,".@LindseyGrahamSC: ""The person in charge of the #Clinton email investigation, Mr. Strzok, and Ms. Page were in the‚Ä¶ https://t.co/SyvwP95VM3",5,@foxnews
305,0.039,2018-06-26 23:43:43+00:00,0.733,0.11,0.157,"Mike German: ""Let's focus on those very few people who are actually posing a problem and not impose a hardship on t‚Ä¶ https://t.co/FQsg77A1Ea",6,@foxnews
306,-0.557,2018-06-26 23:37:03+00:00,0.825,0.175,0.0,".@MorriseyWV on travel ban: ""This is the right decision. President @realDonaldTrump has stood up for national secur‚Ä¶ https://t.co/gDUzlhW6yh",7,@foxnews
307,0.681,2018-06-26 23:27:28+00:00,0.752,0.0,0.248,".@RepAndyBiggsAZ: ""I'm all for passion. I'm all for commitment to your principles and debate and discourse, and som‚Ä¶ https://t.co/DxBzQWWlAN",8,@foxnews
308,0.0,2018-06-26 23:20:54+00:00,1.0,0.0,0.0,"Senator @ChrisCoons: ""I do think that [@RepMaxineWaters] should be saying, 'That wasn't an appropriate statement an‚Ä¶ https://t.co/l2XxNlJk4x",9,@foxnews
309,0.0,2018-06-26 23:11:40+00:00,1.0,0.0,0.0,"Senator @ChrisCoons: ""It's a little bit harder to throw a punch at someone on the floor if you start the day holdin‚Ä¶ https://t.co/eKLiCdLOFJ",10,@foxnews
310,0.0,2018-06-26 23:05:00+00:00,1.0,0.0,0.0,"Two Detroit @Tigers stars and Cuba natives, Leonys Martin and Jose Iglesias, were among a group of people who were‚Ä¶ https://t.co/97LOYAvsYK",11,@foxnews
311,0.382,2018-06-26 23:01:43+00:00,0.728,0.097,0.175,Demonstrators protest the U.S. Supreme Court‚Äôs decision to uphold the latest version of President Trump's controver‚Ä¶ https://t.co/EmE6fuVhZn,12,@foxnews
312,0.0,2018-06-26 22:51:41+00:00,1.0,0.0,0.0,A preview of the GOP Senate primary race in Utah ahead of the polls closing. #SpecialReport https://t.co/OKSHweINSH,13,@foxnews
313,0.0,2018-06-26 22:36:24+00:00,1.0,0.0,0.0,'Naked' passenger jumped off plane onto tarmac at Atlanta airport. https://t.co/KvIjo0oHcA,14,@foxnews
314,0.0,2018-06-26 22:19:20+00:00,1.0,0.0,0.0,"'The Red Hen' restaurant that kicked out @PressSec Sarah Sanders on Friday will remain closed until next week, and‚Ä¶ https://t.co/mDkrhiQkmA",15,@foxnews
315,0.128,2018-06-26 22:06:36+00:00,0.677,0.143,0.18,"Police officer slashed, security guard shot during rampage in Japan. https://t.co/7UoVVosp6E",16,@foxnews
316,0.542,2018-06-26 22:00:11+00:00,0.667,0.0,0.333,.@GregGutfeld on starting a new peace movement. #TheFive https://t.co/Z7E4rUTiVa,17,@foxnews
317,-0.765,2018-06-26 21:58:53+00:00,0.708,0.292,0.0,"NTSB: Tesla was going 116 mph at time of fatal Florida accident, battery pack reignited twice afterwards. https://t.co/rkKHQsxsJz",18,@foxnews
318,0.226,2018-06-26 21:52:18+00:00,0.547,0.179,0.274,"Chicago bar apologizes for 'MAGA' hats, face tattoos ban, says 'everyone is welcome' https://t.co/87Q9qksMos",19,@foxnews
319,-0.572,2018-06-26 21:42:25+00:00,0.764,0.236,0.0,.@BritHume: Maxine Waters contributes to the poisonous atmosphere in Washington. (via @foxnewsopinion) https://t.co/AKcMlVLFyP,20,@foxnews
320,0.0,2018-06-26 21:34:51+00:00,1.0,0.0,0.0,"Woman allegedly had boyfriend punch her in stomach to terminate pregnancy, police say. https://t.co/4GEqYFXP5W",21,@foxnews
321,-0.226,2018-06-26 21:31:29+00:00,0.65,0.211,0.138,Spirit Airlines passenger has erratic outburst during emergency landing. https://t.co/uZhdQiMKpW,22,@foxnews
322,-0.318,2018-06-26 21:22:38+00:00,0.796,0.204,0.0,Massachusetts police release lost Rottweiler after family ‚Äòposts bail‚Äô https://t.co/7HxyIEmky4,23,@foxnews
323,0.0,2018-06-26 21:17:00+00:00,1.0,0.0,0.0,"A new supervolcano is brewing under Massachusetts, Vermont and New Hampshire. https://t.co/ZSWkWXFvYY",24,@foxnews
324,-0.494,2018-06-26 21:12:27+00:00,0.714,0.286,0.0,"Texas hospital blast, collapse reported amid construction expansion https://t.co/AjVitRyzeo",25,@foxnews
325,-0.735,2018-06-26 21:08:50+00:00,0.763,0.237,0.0,".@TheJuanWilliams: ""I do think that we are out of control in terms of the mockery, the bullying, the kind of attitu‚Ä¶ https://t.co/salb5FIwbf",26,@foxnews
326,0.557,2018-06-26 21:06:43+00:00,0.825,0.0,0.175,"At a meeting with members of Congress, @POTUS talked about the Supreme Court ruling upholding the travel ban.‚Ä¶ https://t.co/m1Qj4rWjTN",27,@foxnews
327,0.0,2018-06-26 21:02:16+00:00,1.0,0.0,0.0,.@cvpayne: Harley-Davidson Using Trump's Tariffs as 'Cover' for Moving Production Overseas https://t.co/l7kvNIcqwF,28,@foxnews
328,-0.226,2018-06-26 21:00:39+00:00,0.819,0.117,0.064,North Dakota mayor moves to abolish town government to prevent white supremacists from taking over. https://t.co/5xoICCaPxI,29,@foxnews
329,0.0,2018-06-26 20:35:05+00:00,1.0,0.0,0.0,THURSDAY: @BretBaier and @marthamaccallum moderate the Florida GOP gubernatorial debate at 6:30p ET on Fox News Cha‚Ä¶ https://t.co/jeTfhRQeLY,30,@foxnews
330,0.272,2018-06-26 20:25:14+00:00,0.851,0.0,0.149,.@shelbyholliday: ‚ÄúI think politically this is an extremely important decision.‚Äù https://t.co/YJoYrCncJe #Cavuto https://t.co/r5fq1iFewi,31,@foxnews
331,-0.511,2018-06-26 20:18:40+00:00,0.798,0.202,0.0,.@Theonlyhonest: ‚ÄúI think the court here failed to look at intent.‚Äù https://t.co/YJoYrCncJe #Cavuto https://t.co/29ALvyHVg0,32,@foxnews
332,0.0,2018-06-26 20:12:54+00:00,0.581,0.209,0.209,.@Judgenap reacts to the Supreme Court travel ban ruling https://t.co/YJoYrCncJe #Cavuto https://t.co/z5sqrWWGnv,33,@foxnews
333,0.743,2018-06-26 20:04:46+00:00,0.717,0.0,0.283,".@POTUS presents the Medal of Honor to Pauline Conner, widow of 1st Lt. Garlin Murl Conner. https://t.co/wQVVkvWWsb https://t.co/DAiLGSndyf",34,@foxnews
334,0.743,2018-06-26 19:59:29+00:00,0.741,0.0,0.259,".@POTUS on Medal of Honor recipient Garlin Murl Conner: ""As bullets flew all around him, Lt. Conner directed artill‚Ä¶ https://t.co/MShdzAiMYu",35,@foxnews
335,0.67,2018-06-26 19:58:10+00:00,0.784,0.0,0.216,".@POTUS: ""Lt. Garlin Murl Conner was indeed a giant in his daring, in his devotion, in his duty. He was larger than‚Ä¶ https://t.co/gnt3UIWdEQ",36,@foxnews
336,0.402,2018-06-26 19:46:59+00:00,0.669,0.12,0.211,".@POTUS on Medal of Honor recipient 1st LT Garlin Murl Conner: ""Although he died 20 years ago today, he takes his r‚Ä¶ https://t.co/wRXy1YOreh",37,@foxnews
337,0.743,2018-06-26 19:40:49+00:00,0.717,0.0,0.283,".@POTUS presents the Medal of Honor to Pauline Conner, widow of 1st LT Garlin Murl Conner. https://t.co/nPFamuw1qD https://t.co/Tg0i7T8SvW",38,@foxnews
338,0.0,2018-06-26 19:38:30+00:00,1.0,0.0,0.0,Blacktip shark mysteriously appears in Texas neighborhood. https://t.co/ZaRspCIaMA,39,@foxnews
339,0.494,2018-06-26 19:33:08+00:00,0.513,0.154,0.333,OPINION: Supreme Court Trump travel ban decision is an important victory for our national security. https://t.co/SUjhrpckOI,40,@foxnews
340,0.0,2018-06-26 19:17:00+00:00,1.0,0.0,0.0,Democratic candidates revolt against Pelosi in House races across the country. https://t.co/TZTpc9PsRd,41,@foxnews
341,-0.273,2018-06-26 19:11:19+00:00,0.896,0.104,0.0,JUST IN: 17 states and D.C. are suing the Trump administration over separation of families at the border.‚Ä¶ https://t.co/8awYZL2ld9,42,@foxnews
342,0.0,2018-06-26 19:05:00+00:00,1.0,0.0,0.0,"Hackers are selling babies' personal data on the Dark Web.
https://t.co/kAXbrXX2mn",43,@foxnews
343,0.511,2018-06-26 19:00:03+00:00,0.82,0.0,0.18,Rescue boat carrying hundreds of migrants allowed to dock in Malta after standoff with Italy https://t.co/HiT12hAVAx,44,@foxnews
344,-0.361,2018-06-26 18:55:00+00:00,0.582,0.275,0.143,North Carolina firefighters help family struggling to fill pool by using fire hose https://t.co/14cGBcqibn,45,@foxnews
345,0.727,2018-06-26 18:50:00+00:00,0.567,0.0,0.433,"Good Samaritan, police save would-be jumper from Wisconsin overpass https://t.co/oecm84bQJ6",46,@foxnews
346,0.527,2018-06-26 18:43:26+00:00,0.459,0.184,0.357,Chief Justice Roberts on Supreme Court travel ban ruling @dailybriefing https://t.co/YJoYrCncJe https://t.co/ZysXFysi7g,47,@foxnews
347,0.0,2018-06-26 18:40:00+00:00,1.0,0.0,0.0,David Lynch pens letter to Trump: 'It's not too late to turn the ship around' https://t.co/IJofeAeYbC,48,@foxnews
348,0.816,2018-06-26 18:35:42+00:00,0.623,0.0,0.377,"‚ÄùI think most Americans would like increased border security.‚Äù

@LindseyGrahamSC reacts to the Supreme Court travel‚Ä¶ https://t.co/PapGSz9OS3",49,@foxnews
349,0.557,2018-06-26 18:21:15+00:00,0.825,0.0,0.175,"OPINION: Supreme Court NIFLA decision is major victory for pro-life groups and women, vindication for First Amendme‚Ä¶ https://t.co/teV9Elhpx9",50,@foxnews
350,0.494,2018-06-26 18:16:28+00:00,0.824,0.0,0.176,.@POTUS admin bids to save coal plant by forcing Arizona utility to buy its power https://t.co/6SwGkLQpyA,51,@foxnews
351,-0.494,2018-06-26 17:51:36+00:00,0.878,0.122,0.0,"RT @FoxBusiness: .@POTUS: ""We're the bank. We're the bank that everybody wants to steal from and plunder. And it can't be that way anymore.‚Ä¶",52,@foxnews
352,0.598,2018-06-26 17:51:26+00:00,0.698,0.0,0.302,"RT @FoxBusiness: .@POTUS: ""Tariffs can be a very positive thing."" https://t.co/tMKPay5m7S",53,@foxnews
353,0.0,2018-06-26 17:50:00+00:00,1.0,0.0,0.0,"'Cowards' placed boy, 7, underwater in bathtub as parents watch during home invasion, sheriff says (via @travfed) https://t.co/sDMPUSjZS1",54,@foxnews
354,0.34,2018-06-26 17:43:58+00:00,0.579,0.161,0.26,.@POTUS to present Medal of Honor to widow of World War II veteran Garlin Murl Conner https://t.co/7rh24QU5XA,55,@foxnews
355,0.7,2018-06-26 17:38:52+00:00,0.691,0.0,0.309,"Veteran, fianc√©e win 'dream wedding' in auction after couple calls it quits (via @JaninePuhak) https://t.co/xK5K2D4fCX",56,@foxnews
356,0.153,2018-06-26 17:37:33+00:00,0.89,0.0,0.11,.@POTUS: ‚ÄúI want people to come into our country because our country is doing so well‚Ä¶ We need workers. So I want p‚Ä¶ https://t.co/c8mVTx0w7f,57,@foxnews
357,0.0,2018-06-26 17:27:00+00:00,1.0,0.0,0.0,.@POTUS: ‚ÄúWe need the border wall.‚Äù https://t.co/vC0LlK3xuU,58,@foxnews
358,-0.178,2018-06-26 17:26:19+00:00,0.615,0.21,0.174,OPINION: @TomFitton: Maxine Waters should be investigated for encouraging violence against Trump officials https://t.co/JrhylQtKtZ,59,@foxnews
359,-0.625,2018-06-26 17:25:00+00:00,0.76,0.24,0.0,.@POTUS: ‚ÄúWe have the worst immigration laws in the history of the world.‚Äù https://t.co/wWlzhkhkJ6,60,@foxnews
360,0.0,2018-06-26 17:10:50+00:00,1.0,0.0,0.0,.@POTUS: ‚ÄúWe‚Äôve started the wall.‚Äù https://t.co/UCHxxcdbDg,61,@foxnews
361,0.637,2018-06-26 17:07:32+00:00,0.755,0.0,0.245,".@POTUS: ‚ÄúI will always be defending the sovereignty, the safety and the security of the American people.‚Äù https://t.co/TwwTwQ82BT",62,@foxnews
362,0.807,2018-06-26 17:07:09+00:00,0.657,0.0,0.343,".@POTUS: ‚ÄúToday‚Äôs Supreme Court ruling, just coming out, a tremendous success, a tremendous victory for the America‚Ä¶ https://t.co/quDe6Li9Na",63,@foxnews
363,0.0,2018-06-26 17:02:48+00:00,0.581,0.209,0.209,.@POTUS delivers remarks after the Supreme Court upholds the travel ban. https://t.co/jI7FsRRhLR,64,@foxnews
364,0.557,2018-06-26 17:02:04+00:00,0.816,0.0,0.184,"Earlier, Attorney General Jeff Sessions released a statement about the Supreme Court upholding the Trump travel ban‚Ä¶ https://t.co/B5yJbpMZ6u",65,@foxnews
365,-0.077,2018-06-26 16:51:45+00:00,0.667,0.178,0.156,Philippine President Rodrigo Duterte under fire after calling God ‚Äòstupid‚Äô https://t.co/rCiyrVExQy,66,@foxnews
366,0.0,2018-06-26 16:46:30+00:00,1.0,0.0,0.0,Oklahoma Democrat caught removing congressional opponent's campaign signs ahead of primary https://t.co/nHp31SDGka,67,@foxnews
367,-0.422,2018-06-26 16:35:45+00:00,0.423,0.387,0.19,"Netherlands approves limited ban on Islamic veils, robes https://t.co/8MhXfm4w4r",68,@foxnews
368,0.0,2018-06-26 16:24:28+00:00,0.625,0.188,0.188,Expecting remarks from President @realDonaldTrump after Supreme Court votes to uphold travel ban https://t.co/b3uGCNRxJ3,69,@foxnews
369,-0.637,2018-06-26 16:22:06+00:00,0.729,0.271,0.0,"Veteran protesting treatment by VA sets himself on fire near Georgia State Capitol, police say https://t.co/uXfVtUPFj4",70,@foxnews
370,-0.34,2018-06-26 16:06:24+00:00,0.888,0.112,0.0,Firefighters salute as a van carrying the body of Long Beach Fire Capt. Dave Rosa passes them during a procession o‚Ä¶ https://t.co/h2ARS1V3MF,71,@foxnews
371,0.0,2018-06-26 16:03:02+00:00,0.69,0.155,0.155,"Moments ago, @SenSchumer released a statement about the Supreme Court upholding the Trump travel ban on some Muslim‚Ä¶ https://t.co/x6RzfGDPmP",72,@foxnews
372,0.052,2018-06-26 15:56:41+00:00,0.575,0.207,0.218,".@JudgeNap on SCOTUS Upholding Travel Ban: 'Ringing, Uncompromising' Win for Trump https://t.co/4uchKJLso1",73,@foxnews
373,0.67,2018-06-26 15:52:41+00:00,0.703,0.0,0.297,"RT @FoxBusiness: Australia‚Äôs richest person to invest $2B in US, create 5,000 high-paying jobs https://t.co/w4SLboxWMp",74,@foxnews
374,0.0,2018-06-26 15:52:33+00:00,1.0,0.0,0.0,"RT @FoxBusiness: American money flowing back into America
https://t.co/Qz66Xm0jCj",75,@foxnews
375,0.557,2018-06-26 15:52:23+00:00,0.816,0.0,0.184,"Moments ago, the White House released a statement from President @realDonaldTrump about the U.S. Supreme Court upho‚Ä¶ https://t.co/oTlodkUzm8",76,@foxnews
376,0.557,2018-06-26 15:37:07+00:00,0.66,0.0,0.34,.@POTUS statement on Supreme Court ruling https://t.co/YJoYrCncJe https://t.co/u92IucAiyO,77,@foxnews
377,0.0,2018-06-26 15:27:51+00:00,0.526,0.237,0.237,Supreme Court upholds travel ban; @ShannonBream reports https://t.co/YJoYrCncJe @AmericaNewsroom https://t.co/nPgnItqZuk,78,@foxnews
378,-0.052,2018-06-26 15:21:28+00:00,0.577,0.24,0.183,"JUST IN: Reality Winner, former NSA contractor who‚Äôs accused of leaking documents, pleaded guilty https://t.co/oiQ23zPF3c",79,@foxnews
379,0.557,2018-06-26 15:17:34+00:00,0.783,0.0,0.217,".@Judgenap: ‚ÄúThe trial courts are bound by the Supreme Court‚Äôs ruling today."" https://t.co/YJoYrCncJe‚Ä¶ https://t.co/4BjaB5mcO6",80,@foxnews
380,0.0,2018-06-26 15:11:54+00:00,1.0,0.0,0.0,.@Judgenap: ‚ÄúIf a person believes that they should not be subject to the order‚Ä¶you can make an application to an ap‚Ä¶ https://t.co/QCid1PBh0e,81,@foxnews
381,0.0,2018-06-26 15:06:57+00:00,1.0,0.0,0.0,.@Judgenap: ‚ÄúExecutive orders signed by Donald Trump and any subsequent president will be interpreted only on the b‚Ä¶ https://t.co/6O7MRhl8hw,82,@foxnews
382,0.0,2018-06-26 15:01:12+00:00,0.581,0.209,0.209,.@Judgenap reacts to Supreme Court ruling on travel ban https://t.co/YJoYrCncJe @AmericaNewsroom https://t.co/4XvwSzBbN6,83,@foxnews
383,-0.477,2018-06-26 14:58:13+00:00,0.541,0.324,0.135,.@POTUS travel ban: Timeline of a legal journey https://t.co/LtKm2Lur4i,84,@foxnews
384,0.0,2018-06-26 14:55:45+00:00,0.69,0.155,0.155,"Moments ago, Rep. @keithellison released a statement about the Supreme Court upholding the Trump travel ban on some‚Ä¶ https://t.co/f8OYb5oXvx",85,@foxnews
385,0.0,2018-06-26 14:44:52+00:00,1.0,0.0,0.0,.@CHueyBurns on @POTUS: ‚ÄúI‚Äôm wondering if he will even try to go further with this.‚Äù https://t.co/YJoYrCncJe‚Ä¶ https://t.co/Fo4rGFOQpx,86,@foxnews
386,0.0,2018-06-26 14:39:21+00:00,0.604,0.198,0.198,Marie Harf reacts to Supreme Court ruling on travel ban https://t.co/YJoYrCncJe @AmericaNewsroom https://t.co/46wiVXOd61,87,@foxnews
387,0.0,2018-06-26 14:34:11+00:00,0.526,0.237,0.237,Supreme Court rules 5-4 to uphold travel ban https://t.co/YJoYrCncJe https://t.co/1skpyr6dqs,88,@foxnews
388,0.0,2018-06-26 14:33:05+00:00,0.41,0.295,0.295,Supreme Court upholds travel ban https://t.co/YJoYrCncJe https://t.co/OxVsnwO6SI,89,@foxnews
389,0.0,2018-06-26 14:24:56+00:00,0.644,0.178,0.178,BREAKING NEWS: U.S. Supreme Court upholds President Trump‚Äôs travel ban on five Muslim-majority countries. https://t.co/8zpaE2VO4h,90,@foxnews
390,0.477,2018-06-26 14:20:01+00:00,0.86,0.0,0.14,.@RepDeSantis: ‚ÄúI‚Äôm proud to be leading an effort with a few of my colleagues to censure her in the House.‚Äù‚Ä¶ https://t.co/TPzNoboYeo,91,@foxnews
391,0.052,2018-06-26 14:18:23+00:00,0.373,0.269,0.358,Supreme Court reaches decision on travel ban https://t.co/Lg6pYvPLhi,92,@foxnews
392,0.026,2018-06-26 14:13:04+00:00,0.422,0.287,0.291,Breaking News: Supreme Court rules for crisis pregnancy centers in free speech dispute https://t.co/yAeVB0c6E2,93,@foxnews
393,0.44,2018-06-26 13:55:55+00:00,0.828,0.0,0.172,It 'Has to Stop': @AntonioSabatoJr Says He Was Blacklisted by Hollywood for Supporting #Trump https://t.co/XVHgFfo2Zb,94,@foxnews
394,0.0,2018-06-26 13:33:02+00:00,1.0,0.0,0.0,U.S. Border Agents Halt Immigrant Family Prosecutions; @BryanLlenas reports https://t.co/3zAnjUGL02,95,@foxnews
395,0.625,2018-06-26 13:21:26+00:00,0.76,0.0,0.24,".@henrymcmaster: ""[@POTUS has] turned the whole world around, he's making America great again."" https://t.co/CPs6vyfjYu",96,@foxnews
396,-0.904,2018-06-26 13:18:15+00:00,0.516,0.484,0.0,"Vietnam veteran, New York state deputy arrest man accused of stealing dog tags from war memorial https://t.co/1QajtAWLHY",97,@foxnews
397,0.0,2018-06-26 13:01:45+00:00,1.0,0.0,0.0,NBA legend Oscar Robertson asks 'where are the white athletes?' when injustices are happening https://t.co/ERS9ikNWbb,98,@foxnews
398,0.0,2018-06-26 12:55:29+00:00,1.0,0.0,0.0,Iguana drama: Viral video shows dueling lizards in Starbucks parking lot https://t.co/BWaqFsAZhO,99,@foxnews
399,0.226,2018-06-26 12:40:05+00:00,0.888,0.0,0.112,"'Jurassic World' star Chris Pratt surprises police, shows up at fundraiser at California movie theater https://t.co/f0TGkF2Bec",100,@foxnews
400,0.0,2018-06-27 00:00:06+00:00,1.0,0.0,0.0,"Kevin Moore, a black firefighter in Oakland, has had the following happen to him while on duty in recent weeks: Res‚Ä¶ https://t.co/nMHWUjWyZV",1,@nytimes
401,0.0,2018-06-26 23:47:06+00:00,1.0,0.0,0.0,"South Carolina primary runoff election live results
https://t.co/lZkuM0HmEi",2,@nytimes
402,0.0,2018-06-26 23:41:43+00:00,1.0,0.0,0.0,"RT @nytgraphics: Live results for elections in 7 states:

New York https://t.co/hra5Ctq5eO
Colorado https://t.co/4Ym66gWYJL
Maryland https:‚Ä¶",3,@nytimes
403,0.0,2018-06-26 23:32:04+00:00,1.0,0.0,0.0,General Electric is bidding farewell to its days as a conglomerate. Its CEO is radically reshaping it into a ‚Äúsimpl‚Ä¶ https://t.co/bY7OhDHWbZ,4,@nytimes
404,-0.422,2018-06-26 23:17:03+00:00,0.887,0.113,0.0,RT @nytpolitics: ‚ÄúWhat we‚Äôre seeing here is the standard process of Trump launching a series of lies into our media ecosystem and then watc‚Ä¶,5,@nytimes
405,0.0,2018-06-26 23:02:07+00:00,1.0,0.0,0.0,"There's a lot of trash in the ocean these days. But which of these items is most frequently found on beaches?
‚Ä¢ Str‚Ä¶ https://t.co/c9S1j3u8TK",6,@nytimes
406,0.0,2018-06-26 22:47:01+00:00,1.0,0.0,0.0,Evening Briefing: Here's what you need to know at the end of the day https://t.co/oGWjTEu9lT,7,@nytimes
407,-0.36,2018-06-26 22:32:02+00:00,0.828,0.172,0.0,‚ÄúWe have a Haring!‚Äù A Keith Haring mural comes out of hiding in Amsterdam. https://t.co/6j5TSmeoWf,8,@nytimes
408,-0.71,2018-06-26 22:17:03+00:00,0.763,0.237,0.0,"Senator Rand Paul has sued a neighbor who attacked him in his front yard last year, seeking damages to compensate f‚Ä¶ https://t.co/TGaSv1AWs4",9,@nytimes
409,-0.382,2018-06-26 22:02:03+00:00,0.708,0.184,0.108,A famed consulting firm. A huge contract. We examine the roots of McKinsey‚Äôs disastrous gamble in South Africa. https://t.co/HXu56lhe3X,10,@nytimes
410,0.318,2018-06-26 21:47:03+00:00,0.788,0.079,0.133,RT @NYTMetro: Public housing successfully endured New York City‚Äôs most turbulent eras. We combed through our photo archives for forgotten i‚Ä¶,11,@nytimes
411,0.0,2018-06-26 21:33:37+00:00,1.0,0.0,0.0,.@NYTSports Editor Jason Stallman scored 51.8% ... seems beatable.,12,@nytimes
412,-0.296,2018-06-26 21:31:42+00:00,0.905,0.095,0.0,Something missing here? We removed the ‚öΩÔ∏ès from these World Cup photos. See if you can guess where they once were.‚Ä¶ https://t.co/lQ8dqEbLFc,13,@nytimes
413,-0.625,2018-06-26 21:20:08+00:00,0.823,0.177,0.0,"Remember the ""ecce homo"" painting in Spain that was called one of the worst restoration projects in modern history?‚Ä¶ https://t.co/T4fU3CJI4L",14,@nytimes
414,0.625,2018-06-26 21:10:06+00:00,0.569,0.125,0.306,"Lindsay Lohan says she's in a better place now. ""I‚Äôm a normal, nice person. A good person. I don‚Äôt have any bad int‚Ä¶ https://t.co/okC0kcCgu1",15,@nytimes
415,0.202,2018-06-26 20:55:02+00:00,0.685,0.121,0.194,"RT @UpshotNYT: We were looking for a fair system that encouraged attacking soccer, with a few constraints about what FIFA could realistical‚Ä¶",16,@nytimes
416,0.0,2018-06-26 20:51:37+00:00,1.0,0.0,0.0,RT @MichaelPaulson: The Secret Life of Sven: How a speechless reindeer is brought to life in Broadway's ‚ÄúFrozen.‚Äù https://t.co/mMgHP3aqTg h‚Ä¶,17,@nytimes
417,-0.511,2018-06-26 20:40:08+00:00,0.58,0.29,0.13,Your laptop is probably dirty and gross. It might be time to clean it. https://t.co/19C67OvCaN,18,@nytimes
418,0.34,2018-06-26 20:28:05+00:00,0.746,0.096,0.158,Republicans' hardball tactics to stop President Obama's Supreme Court nominee in 2016 paid off today with rulings o‚Ä¶ https://t.co/GLjYVVsqdi,19,@nytimes
419,0.625,2018-06-26 20:18:01+00:00,0.788,0.0,0.212,"We spent 3 days with Kanye West in Wyoming. He was calm, measured, verging on beatific, and also self-aware and wil‚Ä¶ https://t.co/9dt7ivi3Wn",20,@nytimes
420,0.0,2018-06-26 20:14:33+00:00,1.0,0.0,0.0,Croatia eliminated Iceland from the World Cup with a 2-1 victory https://t.co/zgSMj2KQN3,21,@nytimes
421,0.273,2018-06-26 20:08:03+00:00,0.877,0.0,0.123,"It was an afternoon of ‚ÄúGod, fashion and politics or God, politics and fashion, whichever‚Äù https://t.co/TRXksDGoNi",22,@nytimes
422,-0.226,2018-06-26 19:58:04+00:00,0.837,0.1,0.063,The arrest warrant for Rosa Parks shows that it took the police a couple of tries to settle on legal language descr‚Ä¶ https://t.co/pHehixKGv7,23,@nytimes
423,0.0,2018-06-26 19:57:04+00:00,1.0,0.0,0.0,Lionel Messi and Argentina took a dramatic and unlikely path to advance from the World Cup's group stage https://t.co/3duhtbFUSN,24,@nytimes
424,-0.296,2018-06-26 19:48:08+00:00,0.796,0.128,0.075,Iceland‚Äôs Viking Thunder Clap is meant to conjure the spirit of ancient invaders from harsh volcanic lands. But the‚Ä¶ https://t.co/bvgJ8HUowd,25,@nytimes
425,0.0,2018-06-26 19:38:03+00:00,1.0,0.0,0.0,"RT @NYTMetro: The congressional primary on Tuesday is merely the first of two for New York voters, who will also go to the polls in Septemb‚Ä¶",26,@nytimes
426,0.0,2018-06-26 19:28:03+00:00,1.0,0.0,0.0,"In Opinion

Op-Ed columnist @michelleinbklyn writes, ""The right‚Äôs revulsion against a black president targeted by b‚Ä¶ https://t.co/rT4bIARi90",27,@nytimes
427,0.44,2018-06-26 19:18:07+00:00,0.873,0.0,0.127,RT @NYTScience: We're finally starting to get a good look at the Ryugu asteroid as Japan's Hayabusa2 spacecraft slowly approaches it https:‚Ä¶,28,@nytimes
428,-0.296,2018-06-26 19:08:05+00:00,0.864,0.136,0.0,China‚Äôs government has turned its censors against an unlikely target: its own economic policies https://t.co/zn0mg4U5WS,29,@nytimes
429,-0.422,2018-06-26 18:58:05+00:00,0.882,0.118,0.0,RT @AndrewDasNYT: So @andrewkeh found a Mexican college student who showed up in Russia with a sombrero but no match tickets. A story of op‚Ä¶,30,@nytimes
430,0.25,2018-06-26 18:49:05+00:00,0.875,0.0,0.125,RT @MaggieAstor: Got a question about @nytimes political coverage? Here's your chance to ask @patrickhealynyt https://t.co/vhr3hdjnHG,31,@nytimes
431,0.0,2018-06-26 18:48:55+00:00,0.702,0.149,0.149,"RT @peterbakernyt: In upholding travel ban, Supreme Court majority rules that president‚Äôs statutory power over immigration is not undermine‚Ä¶",32,@nytimes
432,0.0,2018-06-26 18:48:04+00:00,0.714,0.143,0.143,"Sonia Sotomayor in her dissent of the Supreme Court's travel ban decision, lashed out at President Trump, quoting a‚Ä¶ https://t.co/0160x3OYQx",33,@nytimes
433,0.0,2018-06-26 18:38:04+00:00,1.0,0.0,0.0,Argentina must beat Nigeria or Lionel Messi‚Äôs 2018 World Cup is over. Live updates: https://t.co/yUgXY3yBCj,34,@nytimes
434,0.0,2018-06-26 18:18:04+00:00,1.0,0.0,0.0,"RT @nytfood: The goal, according to industry analysts, is to ‚Äúuncottage‚Äù cottage cheese ‚Äî or, as one dairy executive put it, ‚ÄúChobani it‚Äù h‚Ä¶",35,@nytimes
435,-0.459,2018-06-26 18:08:02+00:00,0.875,0.125,0.0,"In order for Iceland to advance, the team must defeat Croatia. Their World Cup fate also depends on the results of‚Ä¶ https://t.co/UXnUAzHrsx",36,@nytimes
436,0.0,2018-06-26 18:00:50+00:00,1.0,0.0,0.0,We deleted this earlier tweet because it should have said President Trump's nomination of Neil Gorsuch https://t.co/abjWu2doow,37,@nytimes
437,0.0,2018-06-26 17:58:06+00:00,0.69,0.155,0.155,"With the Supreme Court's travel ban and abortion rulings, the consequences of President Trump's nomination of Neil‚Ä¶ https://t.co/Otl1L3LT91",38,@nytimes
438,0.822,2018-06-26 17:58:06+00:00,0.607,0.087,0.306,"RT @NYTScience: If these researchers can find the most super of the ""super coral,"" they might be able to use it to restore threatened reefs‚Ä¶",39,@nytimes
439,-0.103,2018-06-26 17:48:05+00:00,0.833,0.092,0.075,These photos from the World Cup are missing one important element ‚Äì the ball. See if you can guess where it was.‚Ä¶ https://t.co/DNXIQHW1RS,40,@nytimes
440,-0.276,2018-06-26 17:28:06+00:00,0.905,0.095,0.0,An oral history of the rise and fall of New York City's public housing ‚Äî because it wasn't always like this https://t.co/fPBtB36xaW,41,@nytimes
441,-0.637,2018-06-26 17:18:07+00:00,0.641,0.269,0.09,"David Goldblatt, who documented the oppressive racial dynamics of South Africa during apartheid and after, died on‚Ä¶ https://t.co/4f02CnIuhI",42,@nytimes
442,0.44,2018-06-26 17:08:04+00:00,0.888,0.0,0.112,This is not how Argentina‚Äôs World Cup was supposed to go. The team now must beat Nigeria to have any hope of advanc‚Ä¶ https://t.co/w9LKDY9aph,43,@nytimes
443,-0.743,2018-06-26 16:59:59+00:00,0.551,0.301,0.148,"RT @nytopinion: In the travel ban case, the Supreme Court's 5-4 majority turned a blind eye to racism by invoking legal rules that give the‚Ä¶",44,@nytimes
444,-0.44,2018-06-26 16:58:06+00:00,0.868,0.132,0.0,RT @MitchKSmith: President Trump is not letting up on his criticism of Wisconsin-based Harley-Davidson's plans to move more production over‚Ä¶,45,@nytimes
445,0.202,2018-06-26 16:43:42+00:00,0.899,0.0,0.101,There will be important primaries or runoff elections in 7 states today. Here's what to watch for. https://t.co/VqPDDNccJK,46,@nytimes
446,0.612,2018-06-26 16:30:51+00:00,0.84,0.0,0.16,Uber won an appeal to regain its London taxi license. It‚Äôs a victory for efforts by its new chief executive to reva‚Ä¶ https://t.co/QqPB9Hf6Z1,47,@nytimes
447,0.026,2018-06-26 16:28:02+00:00,0.878,0.059,0.063,"Sometimes, we leave sex thinking, ‚ÄúWhat exactly just happened?‚Äù We want to hear from you and your experiences with‚Ä¶ https://t.co/2ZeVXhkOPx",48,@nytimes
448,-0.341,2018-06-26 16:18:02+00:00,0.876,0.124,0.0,Denmark and France finished their game with the World Cup‚Äôs first 0-0 draw. Fans weren't too pleased. https://t.co/CyYtdHZbTA,49,@nytimes
449,-0.361,2018-06-26 16:12:13+00:00,0.718,0.179,0.103,RT @kartpat: How We Created a Virtual Crime Scene to Investigate Syria‚Äôs #ChemicalAttack @nytgraphics #AR #AugmentedReality https://t.co/tE‚Ä¶,50,@nytimes
450,0.115,2018-06-26 16:08:08+00:00,0.925,0.0,0.075,"""We must consider not only the statements of a particular President, but also the authority of the Presidency itsel‚Ä¶ https://t.co/hOcFbEYdTF",51,@nytimes
451,-0.572,2018-06-26 15:58:06+00:00,0.812,0.188,0.0,"‚ÄúWhy do you hate us?‚Äù a man doing yard work asked.
‚ÄúBecause you‚Äôre Mexicans,‚Äù the woman said.
https://t.co/JYR4GUsuDL",52,@nytimes
452,0.0,2018-06-26 15:48:07+00:00,1.0,0.0,0.0,The murals started appearing quietly in Paris last week. Now they're confirmed as the work of Banksy ‚Äî and the race‚Ä¶ https://t.co/4Hu0vvtS2p,53,@nytimes
453,0.318,2018-06-26 15:38:05+00:00,0.887,0.0,0.113,"Coaching a World Cup team has left less time for Heimir Hallgrimsson‚Äôs original job, looking after people‚Äôs teeth i‚Ä¶ https://t.co/N1VHK5SOvb",54,@nytimes
454,0.71,2018-06-26 15:32:37+00:00,0.544,0.105,0.351,"The Supreme Court overruled Korematsu v. United States, which endorsed the detention of Japanese-Americans during W‚Ä¶ https://t.co/BCfSr0Kf3f",55,@nytimes
455,0.0,2018-06-26 15:28:04+00:00,1.0,0.0,0.0,Meet Colorado‚Äôs new single-issue voters: the cannabis community https://t.co/zSHQXhQnrW,56,@nytimes
456,0.026,2018-06-26 15:18:06+00:00,0.622,0.209,0.169,"Reality Winner, the first person prosecuted by the Trump administration on charges of leaking classified informatio‚Ä¶ https://t.co/QpTRtEF5PL",57,@nytimes
457,-0.202,2018-06-26 15:10:39+00:00,0.896,0.104,0.0,"RT @UpshotNYT: ‚ÄúIf we were to pay what we need to pay people to make a living in San Francisco, a $10 hamburger would be a $20 hamburger, a‚Ä¶",58,@nytimes
458,0.0,2018-06-26 14:58:03+00:00,1.0,0.0,0.0,"RT @nytopinion: What if Trump and Putin went on a date? Animator @plymptoons imagines the scene in Episode 2 of ""Trump Bites."" https://t.co‚Ä¶",59,@nytimes
459,-0.402,2018-06-26 14:44:09+00:00,0.632,0.234,0.134,"When the Supreme Court heard arguments on President Trump's travel ban, here are some of the questions the justices‚Ä¶ https://t.co/KuYQsHmiin",60,@nytimes
460,0.44,2018-06-26 14:38:01+00:00,0.804,0.0,0.196,Some companies are starting to offer student loan payment benefits in response to financial challenges facing young‚Ä¶ https://t.co/WlK8UyPbaQ,61,@nytimes
461,0.0,2018-06-26 14:34:45+00:00,0.66,0.17,0.17,RT @nytgraphics: The Supreme Court upheld President Trump's travel ban. How the justices voted: https://t.co/9CtvagjiMt https://t.co/6uTTcI‚Ä¶,62,@nytimes
462,0.0,2018-06-26 14:26:30+00:00,0.702,0.149,0.149,"Breaking News: President Trump‚Äôs travel ban is lawful, the Supreme Court ruled. The 5-4 decision is a major stateme‚Ä¶ https://t.co/C2NPLBrtAz",63,@nytimes
463,-0.382,2018-06-26 14:25:32+00:00,0.588,0.261,0.151,"Breaking News: The Supreme Court blocked a California law requiring ""crisis pregnancy centers"" to tell women about‚Ä¶ https://t.co/i1BdTlcHad",64,@nytimes
464,0.0,2018-06-26 14:18:06+00:00,1.0,0.0,0.0,"RT @taffyakner: I went to the woods because I wanted to live deliberately, but also to visit @jonathan_franzen. My profile @NYTmag is up: h‚Ä¶",65,@nytimes
465,0.0,2018-06-26 14:10:34+00:00,1.0,0.0,0.0,"When Pedro Cabrita Reis became an international art star, he had few peers from Portugal. His collecting habit help‚Ä¶ https://t.co/cPH9bNgwFK",66,@nytimes
466,0.586,2018-06-26 14:00:14+00:00,0.84,0.0,0.16,"Denmark takes on France, and needs a win or draw to advance to the knockout round. Follow here for live updates: https://t.co/hdA4Pw5B2W",67,@nytimes
467,-0.226,2018-06-26 13:45:06+00:00,0.909,0.091,0.0,A judge threw out a lawsuit brought by San Francisco and Oakland against fossil fuel companies over the costs of de‚Ä¶ https://t.co/o1KR1RUvxj,68,@nytimes
468,0.0,2018-06-26 13:31:54+00:00,1.0,0.0,0.0,President Trump has often lauded Harley-Davidson as a U.S. icon and job creator. Now he's lashing out over its plan‚Ä¶ https://t.co/vidnQ15aNi,69,@nytimes
469,-0.422,2018-06-26 13:30:08+00:00,0.677,0.214,0.109,"‚ÄúWho is this stupid God?"" The remarks of President Rodrigo Duterte startled even some of his supporters in the Phil‚Ä¶ https://t.co/RVnlIs2T87",70,@nytimes
470,0.44,2018-06-26 13:15:02+00:00,0.868,0.0,0.132,"Lindsay Lohan is turning 32 in July. For the first time in her life, she says she feels safe. https://t.co/Nxr3qg4UD8",71,@nytimes
471,0.0,2018-06-26 13:00:12+00:00,1.0,0.0,0.0,Morning Briefing: Here's what you need to know to start your day https://t.co/DlTkfPsiV3 https://t.co/9FRqQfotwf,72,@nytimes
472,0.0,2018-06-26 12:45:06+00:00,1.0,0.0,0.0,"A new version of the 1040 income tax form may be postcard-size, but smaller is not necessarily simpler https://t.co/y85VPje5ai",73,@nytimes
473,0.077,2018-06-26 12:15:08+00:00,0.802,0.093,0.105,Technology is fast changing how people with disabilities travel. But the advantages often stop at the door of the p‚Ä¶ https://t.co/W9A4OVgfUY,74,@nytimes
474,0.0,2018-06-26 12:00:06+00:00,1.0,0.0,0.0,This item is the most frequently found type of trash littering our beaches. Can you guess what it is? https://t.co/TFlIzyXHJ9,75,@nytimes
475,-0.34,2018-06-26 11:45:06+00:00,0.888,0.112,0.0,"So far, the Pawnee Fire has burned thousands of acres in Northern California, razing several homes and forcing hund‚Ä¶ https://t.co/rKN6wKaVYP",76,@nytimes
476,-0.296,2018-06-26 11:30:13+00:00,0.896,0.104,0.0,No heat. Leaks. Mold and pests. New York City public housing has become synonymous with dilapidation. But it wasn‚Äôt‚Ä¶ https://t.co/9QWo2z4WoE,77,@nytimes
477,0.0,2018-06-26 11:30:12+00:00,1.0,0.0,0.0,"Jimmy Fallon responds to President Trump: ""You‚Äôre the president! Why are you tweeting at me?‚Äù Our late-night roundu‚Ä¶ https://t.co/A9xSjlRKT2",78,@nytimes
478,0.0,2018-06-26 11:15:09+00:00,1.0,0.0,0.0,A New York Times investigation found that pregnancy discrimination is systematic and pervasive inside America‚Äôs big‚Ä¶ https://t.co/KZMvzd9Ah1,79,@nytimes
479,0.0,2018-06-26 11:14:04+00:00,1.0,0.0,0.0,"RT @andrewkeh: There are hundreds of thousands of soccer fans in Russia right now. They must all have a story to tell. Here's one, about wh‚Ä¶",80,@nytimes
480,0.077,2018-06-26 11:00:03+00:00,0.947,0.0,0.053,"‚ÄúI see mothers bury their sons,‚Äù Antwon Rose II wrote in a poem. ‚ÄúI want my mom to never feel that pain.‚Äù The poem‚Ä¶ https://t.co/bbPTXD2wwK",81,@nytimes
481,0.0,2018-06-26 10:45:05+00:00,1.0,0.0,0.0,The group stage of the World Cup is almost over. Here's how teams can advance to the round of 16. https://t.co/HF3UYHhybi,82,@nytimes
482,-0.226,2018-06-26 10:30:07+00:00,0.584,0.226,0.191,A rift in the Democratic party has opened over whether stoking anti-Trump outrage is helping or undermining its pro‚Ä¶ https://t.co/PBoDtUsvCs,83,@nytimes
483,0.0,2018-06-26 10:15:06+00:00,1.0,0.0,0.0,Here are a few things to watch out for today as voters head to the polls in 7 states https://t.co/f5yFw2FO8a,84,@nytimes
484,0.0,2018-06-26 10:00:08+00:00,1.0,0.0,0.0,Morning Briefing: Here's what you need to know to start your day https://t.co/aeN8TNIbDg https://t.co/LxIAVvILIZ,85,@nytimes
485,-0.649,2018-06-26 09:45:03+00:00,0.777,0.223,0.0,"A video showed a woman in California unleashing a diatribe against Mexicans, calling them rapists, animals and drug‚Ä¶ https://t.co/9chAU4wVJj",86,@nytimes
486,0.0,2018-06-26 09:40:05+00:00,1.0,0.0,0.0,"Who, exactly, is ISIS? That question fuels our podcast ""Caliphate."" The final episode is out, and you can listen to‚Ä¶ https://t.co/tbZshTKDO8",87,@nytimes
487,0.0,2018-06-26 09:15:05+00:00,1.0,0.0,0.0,Sometimes spiders ride the wind https://t.co/ALoZvV1wi1,88,@nytimes
488,-0.557,2018-06-26 09:00:07+00:00,0.644,0.267,0.089,The latest discontented group to upset the Chinese Communist Party's image of dominance? Army veterans. https://t.co/ISJk9G6Lzh,89,@nytimes
489,-0.388,2018-06-26 08:43:52+00:00,0.866,0.134,0.0,"""I don't know how it works and I don't care. Never eating instant ramen any other way again."" https://t.co/pZGzyGUHjj",90,@nytimes
490,-0.25,2018-06-26 08:27:06+00:00,0.889,0.111,0.0,"Erdogan must now face Turkey's troubled economy, but his increasingly authoritarian and anti-Western bent is aliena‚Ä¶ https://t.co/x7gitBjWeX",91,@nytimes
491,0.0,2018-06-26 08:18:42+00:00,1.0,0.0,0.0,Hedge funds and private-equity firms are pouring money into large personal-injury cases even as scrutiny of the bus‚Ä¶ https://t.co/uaGkMk5nqP,92,@nytimes
492,0.758,2018-06-26 08:02:04+00:00,0.764,0.0,0.236,A Sri Lankan port is one of the most vivid examples of China‚Äôs ambitious use of loans and aid to gain influence aro‚Ä¶ https://t.co/CkktD1yVWo,93,@nytimes
493,-0.718,2018-06-26 07:46:02+00:00,0.75,0.25,0.0,"RT @nytimesworld: Turkey is facing an array of economic troubles, an increasingly disgruntled populace and troubled relations with its West‚Ä¶",94,@nytimes
494,-0.361,2018-06-26 07:32:02+00:00,0.821,0.179,0.0,Harley-Davidson will shift some U.S. production abroad to avoid European Union tariffs imposed in retaliation to Pr‚Ä¶ https://t.co/wukFSxrqVr,95,@nytimes
495,0.0,2018-06-26 07:17:02+00:00,1.0,0.0,0.0,"RT @coopnytimes: As Simon Rattle's 16 years at the helm of the @BerlinPhil comes to a close, you can watch and listen to some of the high p‚Ä¶",96,@nytimes
496,0.026,2018-06-26 07:02:01+00:00,0.939,0.0,0.061,"Following a journey that started in 2014, Japan's Hayabusa2 spacecraft will reach the Ryugu asteroid on Wednesday t‚Ä¶ https://t.co/vRVf3Fj4ik",97,@nytimes
497,0.422,2018-06-26 06:49:27+00:00,0.741,0.0,0.259,Heathrow Airport Expansion Is Approved by U.K. Lawmakers https://t.co/GgK4oDU7zN,98,@nytimes
498,-0.565,2018-06-26 06:32:04+00:00,0.679,0.22,0.102,RT @nytimesworld: 500 died. 50 villages destroyed. Tens of thousands displaced. Yet this is not a war zone. It is farm country in Nigeria w‚Ä¶,99,@nytimes
499,-0.402,2018-06-26 06:02:01+00:00,0.87,0.13,0.0,"RT @joecoscarelli: scream therapy, art therapy, retail therapy, group therapy, nature therapy and more w @joncaramanica and Kanye West, who‚Ä¶",100,@nytimes
